mutant,total_frames,nac_frames,nac_ratio_%
EPH_relaxed_0001_pdb2pqr_Repair_381_r2_0001_complex,100,7,7.0
EPH_relaxed_0001_pdb2pqr_Repair_385_r2_0001_complex,100,3,3.0
EPH_relaxed_0001_pdb2pqr_Repair_253_r2_0001_complex,100,3,3.0
EPH_relaxed_0001_pdb2pqr_Repair_185_r2_0001_complex,100,3,3.0
EPH_relaxed_0001_pdb2pqr_Repair_61_r2_0001_complex,100,2,2.0
EPH_relaxed_0001_pdb2pqr_Repair_32_r2_0001_complex,100,2,2.0
EPH_relaxed_0001_pdb2pqr_Repair_295_r2_0001_complex,100,2,2.0
EPH_relaxed_0001_pdb2pqr_Repair_288_r2_0001_complex,100,2,2.0
EPH_relaxed_0001_pdb2pqr_Repair_403_r2_0001_complex,100,2,2.0
EPH_relaxed_0001_pdb2pqr_Repair_239_r2_0001_complex,100,2,2.0
EPH_relaxed_0001_pdb2pqr_Repair_231_r2_0001_complex,100,2,2.0
EPH_relaxed_0001_pdb2pqr_Repair_187_r2_0001_complex,100,2,2.0
EPH_relaxed_0001_pdb2pqr_Repair_234_r2_0001_complex,100,2,2.0
EPH_relaxed_0001_pdb2pqr_Repair_7_r2_0001_complex,100,2,2.0
EPH_relaxed_0001_pdb2pqr_Repair_156_r2_0001_complex,100,1,1.0
EPH_relaxed_0001_pdb2pqr_Repair_272_r2_0001_complex,100,1,1.0
EPH_relaxed_0001_pdb2pqr_Repair_412_r2_0001_complex,100,1,1.0
EPH_relaxed_0001_pdb2pqr_Repair_411_r2_0001_complex,100,1,1.0
EPH_relaxed_0001_pdb2pqr_Repair_66_r2_0001_complex,100,1,1.0
EPH_relaxed_0001_pdb2pqr_Repair_409_r2_0001_complex,100,1,1.0
EPH_relaxed_0001_pdb2pqr_Repair_268_r2_0001_complex,100,1,1.0
EPH_relaxed_0001_pdb2pqr_Repair_269_r2_0001_complex,100,1,1.0
EPH_relaxed_0001_pdb2pqr_Repair_270_r2_0001_complex,100,1,1.0
EPH_relaxed_0001_pdb2pqr_Repair_271_r2_0001_complex,100,1,1.0
EPH_relaxed_0001_pdb2pqr_Repair_406_r2_0001_complex,100,1,1.0
EPH_relaxed_0001_pdb2pqr_Repair_69_r2_0001_complex,100,1,1.0
EPH_relaxed_0001_pdb2pqr_Repair_276_r2_0001_complex,100,1,1.0
EPH_relaxed_0001_pdb2pqr_Repair_405_r2_0001_complex,100,1,1.0
EPH_relaxed_0001_pdb2pqr_Repair_279_r2_0001_complex,100,1,1.0
EPH_relaxed_0001_pdb2pqr_Repair_400_r2_0001_complex,100,1,1.0
EPH_relaxed_0001_pdb2pqr_Repair_281_r2_0001_complex,100,1,1.0
EPH_relaxed_0001_pdb2pqr_Repair_291_r2_0001_complex,100,1,1.0
EPH_relaxed_0001_pdb2pqr_Repair_300_r2_0001_complex,100,1,1.0
EPH_relaxed_0001_pdb2pqr_Repair_241_r2_0001_complex,100,1,1.0
EPH_relaxed_0001_pdb2pqr_Repair_9_r2_0001_complex,100,1,1.0
EPH_relaxed_0001_pdb2pqr_Repair_140_r2_0001_complex,100,1,1.0
EPH_relaxed_0001_pdb2pqr_Repair_49_r2_0001_complex,100,1,1.0
EPH_relaxed_0001_pdb2pqr_Repair_14_r2_0001_complex,100,1,1.0
EPH_relaxed_0001_pdb2pqr_Repair_59_r2_0001_complex,100,1,1.0
EPH_relaxed_0001_pdb2pqr_Repair_210_r2_0001_complex,100,1,1.0
EPH_relaxed_0001_pdb2pqr_Repair_213_r2_0001_complex,100,1,1.0
EPH_relaxed_0001_pdb2pqr_Repair_163_r2_0001_complex,100,1,1.0
EPH_relaxed_0001_pdb2pqr_Repair_4_r2_0001_complex,100,1,1.0
EPH_relaxed_0001_pdb2pqr_Repair_227_r2_0001_complex,100,1,1.0
EPH_relaxed_0001_pdb2pqr_Repair_68_r2_0001_complex,100,1,1.0
EPH_relaxed_0001_pdb2pqr_Repair_5_r2_0001_complex,100,1,1.0
EPH_relaxed_0001_pdb2pqr_Repair_399_r2_0001_complex,100,0,0.0
EPH_relaxed_0001_pdb2pqr_Repair_93_r2_0001_complex,100,0,0.0
EPH_relaxed_0001_pdb2pqr_Repair_3_r2_0001_complex,100,0,0.0
EPH_relaxed_0001_pdb2pqr_Repair_391_r2_0001_complex,100,0,0.0
EPH_relaxed_0001_pdb2pqr_Repair_390_r2_0001_complex,100,0,0.0
EPH_relaxed_0001_pdb2pqr_Repair_8_r2_0001_complex,100,0,0.0
EPH_relaxed_0001_pdb2pqr_Repair_63_r2_0001_complex,100,0,0.0
EPH_relaxed_0001_pdb2pqr_Repair_67_r2_0001_complex,100,0,0.0
EPH_relaxed_0001_pdb2pqr_Repair_386_r2_0001_complex,100,0,0.0
EPH_relaxed_0001_pdb2pqr_Repair_39_r2_0001_complex,100,0,0.0
EPH_relaxed_0001_pdb2pqr_Repair_415_r2_0001_complex,100,0,0.0
EPH_relaxed_0001_pdb2pqr_Repair_60_r2_0001_complex,100,0,0.0
EPH_relaxed_0001_pdb2pqr_Repair_73_r2_0001_complex,100,0,0.0
EPH_relaxed_0001_pdb2pqr_Repair_70_r2_0001_complex,100,0,0.0
EPH_relaxed_0001_pdb2pqr_Repair_55_r2_0001_complex,100,0,0.0
EPH_relaxed_0001_pdb2pqr_Repair_54_r2_0001_complex,100,0,0.0
EPH_relaxed_0001_pdb2pqr_Repair_53_r2_0001_complex,100,0,0.0
EPH_relaxed_0001_pdb2pqr_Repair_71_r2_0001_complex,100,0,0.0
EPH_relaxed_0001_pdb2pqr_Repair_40_r2_0001_complex,100,0,0.0
EPH_relaxed_0001_pdb2pqr_Repair_47_r2_0001_complex,100,0,0.0
EPH_relaxed_0001_pdb2pqr_Repair_416_r2_0001_complex,100,0,0.0
EPH_relaxed_0001_pdb2pqr_Repair_414_r2_0001_complex,100,0,0.0
EPH_relaxed_0001_pdb2pqr_Repair_410_r2_0001_complex,100,0,0.0
EPH_relaxed_0001_pdb2pqr_Repair_10_r2_0001_complex,100,0,0.0
EPH_relaxed_0001_pdb2pqr_Repair_378_r2_0001_complex,100,0,0.0
EPH_relaxed_0001_pdb2pqr_Repair_221_r2_0001_complex,100,0,0.0
EPH_relaxed_0001_pdb2pqr_Repair_206_r2_0001_complex,100,0,0.0
EPH_relaxed_0001_pdb2pqr_Repair_200_r2_0001_complex,100,0,0.0
EPH_relaxed_0001_pdb2pqr_Repair_188_r2_0001_complex,100,0,0.0
EPH_relaxed_0001_pdb2pqr_Repair_179_r2_0001_complex,100,0,0.0
EPH_relaxed_0001_pdb2pqr_Repair_173_r2_0001_complex,100,0,0.0
EPH_relaxed_0001_pdb2pqr_Repair_172_r2_0001_complex,100,0,0.0
EPH_relaxed_0001_pdb2pqr_Repair_16_r2_0001_complex,100,0,0.0
EPH_relaxed_0001_pdb2pqr_Repair_161_r2_0001_complex,100,0,0.0
EPH_relaxed_0001_pdb2pqr_Repair_151_r2_0001_complex,100,0,0.0
EPH_relaxed_0001_pdb2pqr_Repair_136_r2_0001_complex,100,0,0.0
EPH_relaxed_0001_pdb2pqr_Repair_132_r2_0001_complex,100,0,0.0
EPH_relaxed_0001_pdb2pqr_Repair_131_r2_0001_complex,100,0,0.0
EPH_relaxed_0001_pdb2pqr_Repair_129_r2_0001_complex,100,0,0.0
EPH_relaxed_0001_pdb2pqr_Repair_124_r2_0001_complex,100,0,0.0
EPH_relaxed_0001_pdb2pqr_Repair_122_r2_0001_complex,100,0,0.0
EPH_relaxed_0001_pdb2pqr_Repair_118_r2_0001_complex,100,0,0.0
EPH_relaxed_0001_pdb2pqr_Repair_116_r2_0001_complex,100,0,0.0
EPH_relaxed_0001_pdb2pqr_Repair_217_r2_0001_complex,100,0,0.0
EPH_relaxed_0001_pdb2pqr_Repair_223_r2_0001_complex,100,0,0.0
EPH_relaxed_0001_pdb2pqr_Repair_367_r2_0001_complex,100,0,0.0
EPH_relaxed_0001_pdb2pqr_Repair_229_r2_0001_complex,100,0,0.0
EPH_relaxed_0001_pdb2pqr_Repair_34_r2_0001_complex,100,0,0.0
EPH_relaxed_0001_pdb2pqr_Repair_346_r2_0001_complex,100,0,0.0
EPH_relaxed_0001_pdb2pqr_Repair_305_r2_0001_complex,100,0,0.0
EPH_relaxed_0001_pdb2pqr_Repair_283_r2_0001_complex,100,0,0.0
EPH_relaxed_0001_pdb2pqr_Repair_282_r2_0001_complex,100,0,0.0
EPH_relaxed_0001_pdb2pqr_Repair_115_r2_0001_complex,100,0,0.0
EPH_relaxed_0001_pdb2pqr_Repair_27_r2_0001_complex,100,0,0.0
EPH_relaxed_0001_pdb2pqr_Repair_277_r2_0001_complex,100,0,0.0
EPH_relaxed_0001_pdb2pqr_Repair_274_r2_0001_complex,100,0,0.0
EPH_relaxed_0001_pdb2pqr_Repair_267_r2_0001_complex,100,0,0.0
EPH_relaxed_0001_pdb2pqr_Repair_24_r2_0001_complex,100,0,0.0
EPH_relaxed_0001_pdb2pqr_Repair_245_r2_0001_complex,100,0,0.0
EPH_relaxed_0001_pdb2pqr_Repair_243_r2_0001_complex,100,0,0.0
EPH_relaxed_0001_pdb2pqr_Repair_242_r2_0001_complex,100,0,0.0
EPH_relaxed_0001_pdb2pqr_Repair_240_r2_0001_complex,100,0,0.0
EPH_relaxed_0001_pdb2pqr_Repair_236_r2_0001_complex,100,0,0.0
EPH_relaxed_0001_pdb2pqr_Repair_22_r2_0001_complex,100,0,0.0
EPH_relaxed_0001_pdb2pqr_Repair_280_r2_0001_complex,100,0,0.0
