mutant,rank,affinity,rmsd_lb,rmsd_ub,d_OD1_C24,d_OD2_C24,angle_OD1_C24,angle_OD2_C24,d_OD1_C25,d_OD2_C25,angle_OD1_C25,angle_OD2_C25,d_Y150_Oepox,d_Y230_Oepox,mutation,effective_angle
EPH_relaxed_0001_pdb2pqr_Repair_367_r2_0001,1,-9.1,0.0,0.0,5.282,3.345,146.9,161.0,6.335,4.402,91.4,93.9,2.846,6.143,TA262G,161.0
EPH_relaxed_0001_pdb2pqr_Repair_118_r2_0001,1,-8.8,0.0,0.0,5.181,3.487,156.2,168.6,5.975,4.281,106.0,107.1,2.969,5.354,FA154E,168.6
EPH_relaxed_0001_pdb2pqr_Repair_131_r2_0001,1,-8.7,0.0,0.0,5.166,3.469,156.8,169.2,5.97,4.273,105.7,106.7,2.98,5.41,FA154V,169.2
EPH_relaxed_0001_pdb2pqr_Repair_305_r2_0001,7,-8.4,2.834,8.767,5.248,3.497,166.8,165.3,6.375,4.632,94.8,92.0,2.743,5.994,FA193A,165.3
EPH_relaxed_0001_pdb2pqr_Repair_295_r2_0001,1,-8.4,0.0,0.0,5.24,3.477,165.1,158.3,5.871,4.138,116.4,110.8,2.702,6.079,LA187M,158.3
EPH_relaxed_0001_pdb2pqr_Repair_185_r2_0001,1,-8.3,0.0,0.0,5.266,3.491,171.0,167.6,6.093,4.336,108.3,104.6,2.698,6.055,SA176Q,167.6
EPH_relaxed_0001_pdb2pqr_Repair_151_r2_0001,1,-8.3,0.0,0.0,5.274,3.498,168.9,168.8,6.087,4.332,108.6,105.4,2.698,6.07,LA172W,168.8
EPH_relaxed_0001_pdb2pqr_Repair_291_r2_0001,1,-8.2,0.0,0.0,5.214,3.5,163.5,158.1,5.817,4.142,117.4,111.7,2.701,6.006,LA187G,158.1
EPH_relaxed_0001_pdb2pqr_Repair_136_r2_0001,1,-8.1,0.0,0.0,5.072,3.333,160.2,150.2,5.589,3.873,120.5,113.2,2.7,5.933,LA172D,150.2
EPH_relaxed_0001_pdb2pqr_Repair_67_r2_0001,1,-8.1,0.0,0.0,5.211,3.445,170.4,168.3,6.058,4.29,107.3,104.7,2.695,6.061,SA125L,168.3
EPH_relaxed_0001_pdb2pqr_Repair_378_r2_0001,1,-8.1,0.0,0.0,5.27,3.495,170.3,166.8,6.071,4.318,109.4,105.5,2.685,6.04,TA262V,166.8
EPH_relaxed_0001_pdb2pqr_Repair_59_r2_0001,1,-8.1,0.0,0.0,5.223,3.468,169.6,164.6,5.991,4.255,110.8,106.6,2.702,6.032,SA125C,164.6
EPH_relaxed_0001_pdb2pqr_Repair_188_r2_0001,1,-8.0,0.0,0.0,5.276,3.493,172.4,168.0,6.138,4.363,107.0,103.6,2.686,6.069,SA176V,168.0
EPH_relaxed_0001_pdb2pqr_Repair_61_r2_0001,1,-8.0,0.0,0.0,5.23,3.451,170.1,168.3,6.06,4.296,108.1,104.7,2.69,6.052,SA125E,168.3
EPH_relaxed_0001_pdb2pqr_Repair_399_r2_0001,1,-8.0,0.0,0.0,5.288,3.488,169.4,172.5,6.187,4.4,104.9,102.4,2.699,6.062,FA265Y,172.5
EPH_relaxed_0001_pdb2pqr_Repair_227_r2_0001,1,-8.0,0.0,0.0,5.28,3.483,169.4,170.9,6.141,4.359,106.6,103.8,2.687,6.058,SA181W,170.9
EPH_relaxed_0001_pdb2pqr_Repair_253_r2_0001,2,-8.0,2.732,9.284,5.248,3.462,169.6,172.4,6.157,4.391,104.5,101.6,2.694,6.009,PA185G,172.4
EPH_relaxed_0001_pdb2pqr_Repair_217_r2_0001,1,-8.0,0.0,0.0,5.291,3.496,169.9,171.0,6.164,4.381,106.2,103.4,2.681,6.063,SA181I,171.0
EPH_relaxed_0001_pdb2pqr_Repair_241_r2_0001,1,-8.0,0.0,0.0,5.268,3.491,170.5,166.7,6.072,4.314,109.3,105.5,2.701,6.053,AA183Q,166.7
EPH_relaxed_0001_pdb2pqr_Repair_243_r2_0001,1,-8.0,0.0,0.0,5.266,3.483,170.4,168.0,6.089,4.324,108.4,104.9,2.699,6.054,AA183S,168.0
EPH_relaxed_0001_pdb2pqr_Repair_172_r2_0001,1,-8.0,0.0,0.0,5.277,3.499,170.3,167.0,6.08,4.321,109.3,105.5,2.698,6.061,SA176A,167.0
EPH_relaxed_0001_pdb2pqr_Repair_73_r2_0001,1,-8.0,0.0,0.0,5.276,3.497,170.3,170.7,6.156,4.387,105.9,103.2,2.657,6.046,SA125T,170.7
EPH_relaxed_0001_pdb2pqr_Repair_66_r2_0001,1,-8.0,0.0,0.0,5.253,3.455,168.5,173.9,6.187,4.391,103.2,101.4,2.66,6.053,SA125K,173.9
EPH_relaxed_0001_pdb2pqr_Repair_245_r2_0001,1,-7.9,0.0,0.0,5.276,3.495,170.1,167.4,6.083,4.321,109.1,105.5,2.696,6.061,AA183V,167.4
EPH_relaxed_0001_pdb2pqr_Repair_24_r2_0001,1,-7.9,0.0,0.0,5.279,3.485,169.9,171.1,6.157,4.371,105.9,103.4,2.676,6.059,AA104G,171.1
EPH_relaxed_0001_pdb2pqr_Repair_49_r2_0001,1,-7.9,0.0,0.0,5.265,3.467,168.2,171.5,6.12,4.34,106.6,103.9,2.691,6.04,IA105N,171.5
EPH_relaxed_0001_pdb2pqr_Repair_267_r2_0001,1,-7.9,0.0,0.0,5.266,3.497,170.3,168.0,6.092,4.339,108.3,104.9,2.688,6.047,CA186A,168.0
EPH_relaxed_0001_pdb2pqr_Repair_268_r2_0001,1,-7.9,0.0,0.0,5.283,3.492,169.3,170.0,6.125,4.35,107.4,104.5,2.677,6.062,CA186D,170.0
EPH_relaxed_0001_pdb2pqr_Repair_269_r2_0001,1,-7.9,0.0,0.0,5.287,3.489,169.6,171.7,6.168,4.385,105.7,103.0,2.686,6.064,CA186E,171.7
EPH_relaxed_0001_pdb2pqr_Repair_34_r2_0001,1,-7.9,0.0,0.0,5.29,3.485,169.0,172.9,6.187,4.397,104.9,102.4,2.678,6.052,AA104S,172.9
EPH_relaxed_0001_pdb2pqr_Repair_272_r2_0001,1,-7.9,0.0,0.0,5.26,3.482,169.7,169.3,6.097,4.336,107.7,104.5,2.669,6.031,CA186H,169.3
EPH_relaxed_0001_pdb2pqr_Repair_32_r2_0001,1,-7.9,0.0,0.0,5.257,3.497,169.4,172.2,6.175,4.415,104.1,102.1,2.628,6.019,AA104Q,172.2
EPH_relaxed_0001_pdb2pqr_Repair_276_r2_0001,1,-7.9,0.0,0.0,5.293,3.497,169.5,170.8,6.152,4.371,106.7,103.9,2.689,6.073,CA186M,170.8
EPH_relaxed_0001_pdb2pqr_Repair_279_r2_0001,1,-7.9,0.0,0.0,5.282,3.483,169.8,171.9,6.173,4.388,105.3,102.6,2.69,6.066,CA186Q,171.9
EPH_relaxed_0001_pdb2pqr_Repair_93_r2_0001,1,-7.9,0.0,0.0,5.23,3.461,165.2,160.5,5.879,4.143,115.5,110.4,2.708,6.007,VA126T,160.5
EPH_relaxed_0001_pdb2pqr_Repair_288_r2_0001,1,-7.9,0.0,0.0,5.235,3.463,165.6,161.5,5.903,4.157,114.7,110.2,2.702,6.029,LA187D,161.5
EPH_relaxed_0001_pdb2pqr_Repair_283_r2_0001,1,-7.9,0.0,0.0,5.281,3.479,169.2,172.3,6.169,4.382,105.3,102.7,2.683,6.058,CA186V,172.3
EPH_relaxed_0001_pdb2pqr_Repair_281_r2_0001,1,-7.9,0.0,0.0,5.269,3.468,168.5,172.7,6.153,4.368,105.4,102.9,2.687,6.055,CA186S,172.7
EPH_relaxed_0001_pdb2pqr_Repair_274_r2_0001,1,-7.9,0.0,0.0,5.294,3.497,170.0,170.9,6.166,4.383,106.2,103.4,2.684,6.072,CA186K,170.9
EPH_relaxed_0001_pdb2pqr_Repair_282_r2_0001,1,-7.9,0.0,0.0,5.284,3.489,169.9,171.2,6.16,4.379,106.0,103.2,2.68,6.072,CA186T,171.2
EPH_relaxed_0001_pdb2pqr_Repair_239_r2_0001,1,-7.9,0.0,0.0,5.284,3.485,169.6,171.8,6.169,4.384,105.6,102.9,2.686,6.06,AA183N,171.8
EPH_relaxed_0001_pdb2pqr_Repair_240_r2_0001,1,-7.9,0.0,0.0,5.278,3.485,169.5,171.1,6.146,4.369,106.3,103.5,2.675,6.047,AA183P,171.1
EPH_relaxed_0001_pdb2pqr_Repair_7_r2_0001,1,-7.9,0.0,0.0,5.198,3.43,166.4,161.5,5.881,4.134,114.1,109.6,2.7,6.011,HA100I,161.5
EPH_relaxed_0001_pdb2pqr_Repair_71_r2_0001,1,-7.9,0.0,0.0,5.282,3.498,170.2,168.9,6.123,4.345,107.6,104.8,2.698,6.084,SA125Q,168.9
EPH_relaxed_0001_pdb2pqr_Repair_70_r2_0001,1,-7.9,0.0,0.0,5.284,3.481,169.2,172.6,6.182,4.391,104.9,102.5,2.684,6.048,SA125P,172.6
EPH_relaxed_0001_pdb2pqr_Repair_132_r2_0001,1,-7.9,0.0,0.0,5.266,3.482,170.1,166.8,6.064,4.302,109.5,105.7,2.697,6.047,FA154W,166.8
EPH_relaxed_0001_pdb2pqr_Repair_140_r2_0001,1,-7.9,0.0,0.0,5.272,3.494,170.5,166.7,6.077,4.32,109.3,105.4,2.699,6.059,LA172H,166.7
EPH_relaxed_0001_pdb2pqr_Repair_156_r2_0001,1,-7.9,0.0,0.0,5.278,3.496,170.2,168.3,6.105,4.34,108.2,104.8,2.681,6.051,TA175E,168.3
EPH_relaxed_0001_pdb2pqr_Repair_161_r2_0001,1,-7.9,0.0,0.0,5.281,3.486,169.8,170.9,6.15,4.369,106.3,103.5,2.687,6.061,TA175K,170.9
EPH_relaxed_0001_pdb2pqr_Repair_242_r2_0001,1,-7.9,0.0,0.0,5.276,3.482,169.4,171.5,6.151,4.371,105.9,103.2,2.68,6.052,AA183R,171.5
EPH_relaxed_0001_pdb2pqr_Repair_206_r2_0001,1,-7.9,0.0,0.0,5.268,3.497,166.4,161.8,5.947,4.2,114.3,109.9,2.686,6.045,NA179T,161.8
EPH_relaxed_0001_pdb2pqr_Repair_210_r2_0001,1,-7.9,0.0,0.0,5.288,3.49,169.6,171.4,6.163,4.379,106.0,103.3,2.685,6.068,SA181A,171.4
EPH_relaxed_0001_pdb2pqr_Repair_179_r2_0001,1,-7.9,0.0,0.0,5.221,3.494,172.3,164.5,6.035,4.329,109.1,104.5,2.696,6.036,SA176I,164.5
EPH_relaxed_0001_pdb2pqr_Repair_213_r2_0001,1,-7.9,0.0,0.0,5.28,3.495,170.1,169.9,6.132,4.363,107.1,104.0,2.667,6.041,SA181E,169.9
EPH_relaxed_0001_pdb2pqr_Repair_236_r2_0001,1,-7.9,0.0,0.0,5.28,3.5,170.6,167.7,6.101,4.339,108.6,105.0,2.686,6.059,AA183K,167.7
EPH_relaxed_0001_pdb2pqr_Repair_234_r2_0001,1,-7.9,0.0,0.0,5.269,3.493,170.7,167.2,6.086,4.328,108.8,105.0,2.695,6.054,AA183H,167.2
EPH_relaxed_0001_pdb2pqr_Repair_231_r2_0001,1,-7.9,0.0,0.0,5.274,3.472,169.1,172.3,6.159,4.372,105.5,102.9,2.683,6.055,AA183E,172.3
EPH_relaxed_0001_pdb2pqr_Repair_229_r2_0001,1,-7.9,0.0,0.0,5.284,3.485,169.6,171.8,6.17,4.385,105.5,102.9,2.688,6.066,AA183C,171.8
EPH_relaxed_0001_pdb2pqr_Repair_22_r2_0001,1,-7.9,0.0,0.0,5.256,3.497,169.3,172.3,6.178,4.419,103.9,102.0,2.616,6.002,AA104E,172.3
EPH_relaxed_0001_pdb2pqr_Repair_223_r2_0001,1,-7.9,0.0,0.0,5.288,3.486,169.2,172.3,6.174,4.387,105.4,102.8,2.683,6.058,SA181Q,172.3
EPH_relaxed_0001_pdb2pqr_Repair_221_r2_0001,1,-7.9,0.0,0.0,5.285,3.495,170.2,170.2,6.148,4.372,106.6,103.7,2.681,6.059,SA181N,170.2
EPH_relaxed_0001_pdb2pqr_Repair_60_r2_0001,1,-7.8,0.0,0.0,5.247,3.462,169.7,170.4,6.114,4.33,106.3,104.0,2.686,6.071,SA125D,170.4
EPH_relaxed_0001_pdb2pqr_Repair_69_r2_0001,1,-7.8,0.0,0.0,5.291,3.496,170.3,169.2,6.137,4.344,107.4,104.8,2.695,6.102,SA125N,169.2
EPH_relaxed_0001_pdb2pqr_Repair_53_r2_0001,1,-7.8,0.0,0.0,5.284,3.492,169.3,171.3,6.151,4.376,106.3,103.5,2.673,6.045,IA105S,171.3
EPH_relaxed_0001_pdb2pqr_Repair_55_r2_0001,1,-7.8,0.0,0.0,5.251,3.453,167.9,172.1,6.112,4.334,106.3,103.6,2.693,6.032,IA105V,172.1
EPH_relaxed_0001_pdb2pqr_Repair_63_r2_0001,1,-7.8,0.0,0.0,5.285,3.487,168.4,174.0,6.208,4.421,103.7,101.5,2.651,6.041,SA125G,174.0
EPH_relaxed_0001_pdb2pqr_Repair_4_r2_0001,1,-7.8,0.0,0.0,5.197,3.494,165.0,159.8,5.845,4.168,115.5,110.7,2.697,6.006,HA100E,159.8
EPH_relaxed_0001_pdb2pqr_Repair_54_r2_0001,1,-7.8,0.0,0.0,5.275,3.478,168.6,171.6,6.137,4.359,106.5,103.7,2.692,6.046,IA105T,171.6
EPH_relaxed_0001_pdb2pqr_Repair_39_r2_0001,1,-7.8,0.0,0.0,5.257,3.463,168.1,172.0,6.12,4.346,106.2,103.6,2.693,6.029,IA105A,172.0
EPH_relaxed_0001_pdb2pqr_Repair_8_r2_0001,1,-7.8,0.0,0.0,5.255,3.454,169.4,170.9,6.119,4.328,106.4,103.8,2.693,6.05,HA100K,170.9
EPH_relaxed_0001_pdb2pqr_Repair_40_r2_0001,1,-7.8,0.0,0.0,5.258,3.457,168.0,172.0,6.117,4.335,106.4,103.8,2.693,6.04,IA105C,172.0
EPH_relaxed_0001_pdb2pqr_Repair_403_r2_0001,1,-7.8,0.0,0.0,5.259,3.475,170.2,167.6,6.073,4.311,108.8,105.1,2.704,6.057,FA296E,167.6
EPH_relaxed_0001_pdb2pqr_Repair_68_r2_0001,1,-7.8,0.0,0.0,5.284,3.486,170.4,168.4,6.118,4.322,107.9,105.2,2.696,6.1,SA125M,168.4
EPH_relaxed_0001_pdb2pqr_Repair_280_r2_0001,1,-7.8,0.0,0.0,5.219,3.495,165.6,161.6,5.887,4.2,114.7,109.7,2.703,6.013,CA186R,161.6
EPH_relaxed_0001_pdb2pqr_Repair_9_r2_0001,1,-7.8,0.0,0.0,5.253,3.442,169.0,172.1,6.138,4.336,105.4,103.0,2.687,6.056,HA100L,172.1
EPH_relaxed_0001_pdb2pqr_Repair_390_r2_0001,1,-7.8,0.0,0.0,5.236,3.461,169.3,165.4,6.004,4.253,110.8,106.5,2.698,6.04,FA265M,165.4
EPH_relaxed_0001_pdb2pqr_Repair_386_r2_0001,1,-7.8,0.0,0.0,5.233,3.459,169.3,165.3,5.999,4.252,110.8,106.5,2.706,6.024,FA265H,165.3
EPH_relaxed_0001_pdb2pqr_Repair_122_r2_0001,1,-7.8,0.0,0.0,5.267,3.485,170.5,166.5,6.066,4.306,109.6,105.6,2.694,6.071,FA154K,166.5
EPH_relaxed_0001_pdb2pqr_Repair_124_r2_0001,1,-7.8,0.0,0.0,5.28,3.477,168.9,172.7,6.171,4.384,105.2,102.6,2.669,6.051,FA154M,172.7
EPH_relaxed_0001_pdb2pqr_Repair_16_r2_0001,1,-7.8,0.0,0.0,5.25,3.455,170.3,169.8,6.113,4.321,106.6,104.1,2.67,6.064,HA100T,169.8
EPH_relaxed_0001_pdb2pqr_Repair_173_r2_0001,1,-7.8,0.0,0.0,5.226,3.5,169.7,165.5,6.009,4.306,110.1,106.0,2.692,6.022,SA176C,165.5
EPH_relaxed_0001_pdb2pqr_Repair_270_r2_0001,1,-7.8,0.0,0.0,5.223,3.498,165.3,161.8,5.89,4.201,114.7,109.9,2.699,6.018,CA186F,161.8
EPH_relaxed_0001_pdb2pqr_Repair_271_r2_0001,1,-7.8,0.0,0.0,5.283,3.49,169.3,170.8,6.138,4.362,106.8,103.9,2.677,6.058,CA186G,170.8
EPH_relaxed_0001_pdb2pqr_Repair_115_r2_0001,1,-7.7,0.0,0.0,5.288,3.493,170.0,170.6,6.154,4.372,106.4,103.6,2.688,6.035,FA154A,170.6
EPH_relaxed_0001_pdb2pqr_Repair_116_r2_0001,3,-7.7,2.862,9.448,5.09,3.407,159.9,167.0,5.842,4.153,109.0,108.9,2.963,5.462,FA154C,167.0
EPH_relaxed_0001_pdb2pqr_Repair_14_r2_0001,1,-7.7,0.0,0.0,5.296,3.497,171.1,167.3,6.12,4.324,108.5,105.5,2.706,6.09,HA100R,167.3
EPH_relaxed_0001_pdb2pqr_Repair_5_r2_0001,1,-7.7,0.0,0.0,5.281,3.474,169.1,172.4,6.17,4.373,105.3,102.9,2.692,6.072,HA100F,172.4
EPH_relaxed_0001_pdb2pqr_Repair_277_r2_0001,1,-7.7,0.0,0.0,5.214,3.497,165.0,160.6,5.863,4.185,115.4,110.2,2.701,6.005,CA186N,160.6
EPH_relaxed_0001_pdb2pqr_Repair_27_r2_0001,1,-7.7,0.0,0.0,5.226,3.469,165.5,176.5,6.207,4.453,100.6,99.5,2.516,5.93,AA104K,176.5
EPH_relaxed_0001_pdb2pqr_Repair_381_r2_0001,2,-7.7,4.828,11.56,3.892,2.656,159.5,152.1,4.479,3.767,115.4,87.8,2.747,4.635,FA265A,152.1
EPH_relaxed_0001_pdb2pqr_Repair_10_r2_0001,1,-7.7,0.0,0.0,5.25,3.477,167.9,165.5,6.003,4.245,111.2,107.7,2.697,6.056,HA100M,165.5
EPH_relaxed_0001_pdb2pqr_Repair_47_r2_0001,1,-7.7,0.0,0.0,5.213,3.498,164.7,161.4,5.866,4.194,115.2,110.2,2.699,5.987,IA105L,161.4
EPH_relaxed_0001_pdb2pqr_Repair_409_r2_0001,1,-7.7,0.0,0.0,5.286,3.496,170.5,170.5,6.159,4.382,106.2,103.3,2.668,6.047,FA296M,170.5
EPH_relaxed_0001_pdb2pqr_Repair_405_r2_0001,1,-7.7,0.0,0.0,5.278,3.477,168.9,172.5,6.166,4.381,105.3,102.7,2.678,6.049,FA296H,172.5
EPH_relaxed_0001_pdb2pqr_Repair_391_r2_0001,1,-7.6,0.0,0.0,5.204,3.49,164.8,160.3,5.847,4.173,115.6,110.3,2.702,5.996,FA265N,160.3
EPH_relaxed_0001_pdb2pqr_Repair_412_r2_0001,1,-7.6,0.0,0.0,5.277,3.476,170.0,171.0,6.15,4.363,106.1,103.3,2.691,6.063,FA296Q,171.0
EPH_relaxed_0001_pdb2pqr_Repair_3_r2_0001,1,-7.6,0.0,0.0,5.235,3.483,168.6,172.2,6.128,4.394,105.0,102.4,2.65,6.013,HA100D,172.2
EPH_relaxed_0001_pdb2pqr_Repair_187_r2_0001,1,-7.6,0.0,0.0,5.25,3.464,170.2,167.1,6.058,4.288,109.1,105.5,2.703,6.049,SA176T,167.1
EPH_relaxed_0001_pdb2pqr_Repair_163_r2_0001,1,-7.6,0.0,0.0,5.239,3.464,170.7,165.6,6.031,4.278,109.8,105.6,2.701,6.04,TA175M,165.6
EPH_relaxed_0001_pdb2pqr_Repair_416_r2_0001,1,-7.5,0.0,0.0,5.242,3.463,169.9,165.9,6.026,4.266,110.1,106.1,2.693,6.047,FA296V,165.9
EPH_relaxed_0001_pdb2pqr_Repair_414_r2_0001,1,-7.5,0.0,0.0,5.238,3.462,169.6,164.9,6.006,4.253,110.8,106.5,2.698,6.053,FA296S,164.9
EPH_relaxed_0001_pdb2pqr_Repair_411_r2_0001,1,-7.5,0.0,0.0,5.269,3.491,170.5,168.2,6.097,4.336,108.2,104.7,2.679,6.046,FA296P,168.2
EPH_relaxed_0001_pdb2pqr_Repair_129_r2_0001,1,-7.5,0.0,0.0,5.212,3.496,164.8,160.2,5.856,4.175,115.7,110.6,2.697,5.977,FA154S,160.2
EPH_relaxed_0001_pdb2pqr_Repair_385_r2_0001,1,-7.4,0.0,0.0,4.404,2.881,157.0,174.7,4.901,3.909,119.7,96.3,2.736,5.187,FA265G,174.7
EPH_relaxed_0001_pdb2pqr_Repair_400_r2_0001,1,-7.4,0.0,0.0,5.281,3.495,170.5,169.0,6.123,4.352,107.6,104.3,2.674,6.064,FA296A,169.0
EPH_relaxed_0001_pdb2pqr_Repair_300_r2_0001,1,-7.3,0.0,0.0,5.261,3.483,170.9,164.8,6.048,4.287,110.1,105.9,2.713,6.079,LA187S,164.8
EPH_relaxed_0001_pdb2pqr_Repair_415_r2_0001,1,-7.3,0.0,0.0,5.224,3.483,165.0,161.0,5.876,4.172,115.3,110.3,2.698,6.016,FA296T,161.0
EPH_relaxed_0001_pdb2pqr_Repair_410_r2_0001,1,-7.2,0.0,0.0,5.225,3.491,165.9,161.2,5.892,4.197,114.8,109.5,2.704,6.025,FA296N,161.2
EPH_relaxed_0001_pdb2pqr_Repair_406_r2_0001,1,-7.2,0.0,0.0,5.271,3.487,166.4,161.7,5.95,4.19,114.4,109.8,2.711,6.061,FA296I,161.7
EPH_relaxed_0001_pdb2pqr_Repair_200_r2_0001,1,-7.1,0.0,0.0,5.245,3.471,172.7,167.9,6.114,4.354,106.7,103.0,2.7,6.041,NA179L,167.9
EPH_relaxed_0001_pdb2pqr_Repair_346_r2_0001,1,-7.0,0.0,0.0,5.156,3.398,168.0,158.3,5.849,4.108,114.0,108.3,2.702,6.012,LA261E,158.3