label,model_idx,fape,lddt,rmsd,kabsch,prmsd,plddt,plddt_pde
EPH_relaxed_0001_pdb2pqr_Repair_234_r2_0001_complex,1,3.210690975189209,0.8388285636901855,1.8118613958358765,1.234349012374878,2.2481045722961426,0.8250000476837158,0.7233338356018066
EPH_relaxed_0001_pdb2pqr_Repair_234_r2_0001_complex,2,3.1651437282562256,0.8500510454177856,2.083253860473633,1.2394804954528809,2.259974241256714,0.9399999976158142,0.7846046686172485
EPH_relaxed_0001_pdb2pqr_Repair_234_r2_0001_complex,3,2.9641714096069336,0.8598273992538452,1.8213242292404175,1.0339292287826538,2.3339920043945312,0.8581249713897705,0.7765448093414307
EPH_relaxed_0001_pdb2pqr_Repair_234_r2_0001_complex,4,2.59744930267334,0.9047396183013916,1.2446800470352173,0.9316415786743164,2.3946659564971924,0.778749942779541,0.7262065410614014
EPH_relaxed_0001_pdb2pqr_Repair_234_r2_0001_complex,5,2.9430408477783203,0.8663171529769897,1.4734241962432861,1.0800681114196777,2.482287883758545,0.7612500190734863,0.7551933526992798
EPH_relaxed_0001_pdb2pqr_Repair_234_r2_0001_complex,6,2.7189676761627197,0.8838140964508057,1.809871792793274,1.0532848834991455,2.5736243724823,0.7287499904632568,0.6991660594940186
EPH_relaxed_0001_pdb2pqr_Repair_234_r2_0001_complex,7,3.063537120819092,0.8615502119064331,3.0089023113250732,2.219817876815796,2.657179117202759,0.7549999952316284,0.7245254516601562
EPH_relaxed_0001_pdb2pqr_Repair_234_r2_0001_complex,8,2.7262485027313232,0.8764845132827759,1.9309500455856323,1.3403890132904053,2.6876611709594727,0.7518749833106995,0.6373089551925659
EPH_relaxed_0001_pdb2pqr_Repair_234_r2_0001_complex,9,3.14048433303833,0.8516725897789001,1.7293599843978882,1.4198975563049316,2.7382962703704834,0.6906249523162842,0.6874457597732544
EPH_relaxed_0001_pdb2pqr_Repair_234_r2_0001_complex,10,2.8277339935302734,0.8900092840194702,1.7911508083343506,1.384907841682434,2.738919734954834,0.716249942779541,0.6677175760269165
EPH_relaxed_0001_pdb2pqr_Repair_234_r2_0001_complex,11,2.6950161457061768,0.8928078413009644,1.207853078842163,0.9676266312599182,2.816183090209961,0.7793749570846558,0.6830598711967468
EPH_relaxed_0001_pdb2pqr_Repair_234_r2_0001_complex,12,2.8870046138763428,0.8679282069206238,2.259754180908203,0.9499409198760986,2.851121664047241,0.6837499737739563,0.6638963222503662
EPH_relaxed_0001_pdb2pqr_Repair_234_r2_0001_complex,13,2.967038154602051,0.8604062795639038,2.134881019592285,1.486680030822754,2.8701672554016113,0.7362499833106995,0.664838433265686
EPH_relaxed_0001_pdb2pqr_Repair_234_r2_0001_complex,14,2.982123613357544,0.8666777610778809,2.7176520824432373,2.334834575653076,2.9089395999908447,0.6818749904632568,0.6826480627059937
EPH_relaxed_0001_pdb2pqr_Repair_234_r2_0001_complex,15,3.1464195251464844,0.842337429523468,1.9167052507400513,1.0808255672454834,2.9184463024139404,0.825624942779541,0.7322150468826294
EPH_relaxed_0001_pdb2pqr_Repair_234_r2_0001_complex,16,3.058462142944336,0.8629994988441467,2.614894390106201,2.0494139194488525,2.937056303024292,0.7168749570846558,0.6537063121795654
EPH_relaxed_0001_pdb2pqr_Repair_234_r2_0001_complex,17,2.5301780700683594,0.8977315425872803,1.4724903106689453,0.7361131906509399,2.949570894241333,0.7443749904632568,0.7101706266403198
EPH_relaxed_0001_pdb2pqr_Repair_234_r2_0001_complex,18,2.6152846813201904,0.9096322655677795,1.0366559028625488,0.8094861507415771,2.9664146900177,0.6687499284744263,0.6761211156845093
EPH_relaxed_0001_pdb2pqr_Repair_234_r2_0001_complex,19,2.6936259269714355,0.891184389591217,1.2248923778533936,0.7692952156066895,2.984163522720337,0.6787499785423279,0.7010761499404907
EPH_relaxed_0001_pdb2pqr_Repair_234_r2_0001_complex,20,2.7277181148529053,0.8926674127578735,2.062908411026001,1.6312226057052612,2.998836040496826,0.6749999523162842,0.6376898288726807
EPH_relaxed_0001_pdb2pqr_Repair_234_r2_0001_complex,21,2.917677879333496,0.8731364607810974,2.1245226860046387,0.8184458613395691,3.0013699531555176,0.6756249666213989,0.6653144359588623
EPH_relaxed_0001_pdb2pqr_Repair_234_r2_0001_complex,22,3.161943197250366,0.8583861589431763,2.284269094467163,1.6804120540618896,3.0179998874664307,0.703125,0.6640878915786743
EPH_relaxed_0001_pdb2pqr_Repair_234_r2_0001_complex,23,2.5928428173065186,0.8948565721511841,1.3725146055221558,0.8134355545043945,3.0210440158843994,0.6949999928474426,0.7034640312194824
EPH_relaxed_0001_pdb2pqr_Repair_234_r2_0001_complex,24,2.645360231399536,0.8815738558769226,1.7095102071762085,0.8853533864021301,3.079710006713867,0.6918749809265137,0.6884258985519409
EPH_relaxed_0001_pdb2pqr_Repair_234_r2_0001_complex,25,2.781674385070801,0.8863557577133179,1.5804251432418823,0.8932889103889465,3.1110763549804688,0.7412499785423279,0.7121922969818115
EPH_relaxed_0001_pdb2pqr_Repair_234_r2_0001_complex,26,2.9866890907287598,0.8705337643623352,2.0432138442993164,1.5070265531539917,3.133514404296875,0.6793749928474426,0.6393898725509644
EPH_relaxed_0001_pdb2pqr_Repair_234_r2_0001_complex,27,2.9606821537017822,0.8763442635536194,2.046173095703125,1.697705864906311,3.1438848972320557,0.6399999856948853,0.6599321365356445
EPH_relaxed_0001_pdb2pqr_Repair_234_r2_0001_complex,28,2.75110125541687,0.8902206420898438,1.2401169538497925,0.6603236198425293,3.1642258167266846,0.7424999475479126,0.7265543937683105
EPH_relaxed_0001_pdb2pqr_Repair_234_r2_0001_complex,29,3.145611047744751,0.8643810153007507,2.561753988265991,2.123936891555786,3.2610626220703125,0.6868749856948853,0.6801657676696777
EPH_relaxed_0001_pdb2pqr_Repair_234_r2_0001_complex,30,3.1248536109924316,0.8546057939529419,2.735029458999634,2.170590400695801,3.3668630123138428,0.6856249570846558,0.6727427840232849
EPH_relaxed_0001_pdb2pqr_Repair_234_r2_0001_complex,31,2.733041763305664,0.8930518627166748,1.3050435781478882,0.9412747025489807,3.418487071990967,0.6756249666213989,0.7079777717590332
EPH_relaxed_0001_pdb2pqr_Repair_234_r2_0001_complex,32,2.767658233642578,0.882312536239624,1.4282684326171875,1.0778740644454956,3.440629482269287,0.638124942779541,0.6906740665435791
EPH_relaxed_0001_pdb2pqr_Repair_234_r2_0001_complex,33,2.649420738220215,0.8952810168266296,1.4429090023040771,0.5510061979293823,3.479490280151367,0.6537500023841858,0.709926426410675
EPH_relaxed_0001_pdb2pqr_Repair_234_r2_0001_complex,34,3.280052900314331,0.8535819053649902,2.862926721572876,2.38843035697937,3.482943296432495,0.7543749809265137,0.6725887656211853
EPH_relaxed_0001_pdb2pqr_Repair_234_r2_0001_complex,35,2.999270439147949,0.8735201954841614,1.7214568853378296,1.1127854585647583,3.485780954360962,0.6268749237060547,0.6341423988342285
EPH_relaxed_0001_pdb2pqr_Repair_234_r2_0001_complex,36,2.663782835006714,0.8987675905227661,1.2782763242721558,0.7825483083724976,3.620847225189209,0.638124942779541,0.6925820708274841
EPH_relaxed_0001_pdb2pqr_Repair_234_r2_0001_complex,37,2.8599298000335693,0.8623718023300171,3.431199789047241,2.095862865447998,3.6398489475250244,0.6387499570846558,0.5975016355514526
EPH_relaxed_0001_pdb2pqr_Repair_234_r2_0001_complex,38,2.9166488647460938,0.8860647082328796,1.8771191835403442,1.381384015083313,3.6718451976776123,0.6337499618530273,0.6563153862953186
EPH_relaxed_0001_pdb2pqr_Repair_234_r2_0001_complex,39,2.8916733264923096,0.8721898794174194,2.4967026710510254,2.0087692737579346,3.722874402999878,0.6337499618530273,0.6661043167114258
EPH_relaxed_0001_pdb2pqr_Repair_234_r2_0001_complex,40,2.8105530738830566,0.875982940196991,1.7645282745361328,1.1841328144073486,3.7309353351593018,0.637499988079071,0.6448261141777039
EPH_relaxed_0001_pdb2pqr_Repair_234_r2_0001_complex,41,2.6829867362976074,0.8789637088775635,1.6158215999603271,0.813636839389801,3.7561845779418945,0.6156249642372131,0.7041912078857422
EPH_relaxed_0001_pdb2pqr_Repair_234_r2_0001_complex,42,2.8488004207611084,0.8822709321975708,1.619308352470398,1.2125673294067383,3.8273978233337402,0.6137499809265137,0.6834938526153564
EPH_relaxed_0001_pdb2pqr_Repair_234_r2_0001_complex,43,2.6296591758728027,0.8865751028060913,1.3973021507263184,0.8542155027389526,3.8962388038635254,0.6424999833106995,0.6990101337432861
EPH_relaxed_0001_pdb2pqr_Repair_234_r2_0001_complex,44,2.7955474853515625,0.8827574253082275,1.3179725408554077,0.8406693339347839,3.908970355987549,0.6024999618530273,0.6792060732841492
EPH_relaxed_0001_pdb2pqr_Repair_234_r2_0001_complex,45,2.7510159015655518,0.8833391070365906,1.2257139682769775,0.7286415696144104,4.041378498077393,0.6081249713897705,0.6650795936584473
EPH_relaxed_0001_pdb2pqr_Repair_234_r2_0001_complex,46,2.880894184112549,0.8764879703521729,1.5318032503128052,0.9929534196853638,4.075423717498779,0.5937499403953552,0.6625071167945862
EPH_relaxed_0001_pdb2pqr_Repair_234_r2_0001_complex,47,2.6333158016204834,0.8892642259597778,3.030247211456299,2.3379313945770264,4.097554683685303,0.6606249809265137,0.6367431879043579
EPH_relaxed_0001_pdb2pqr_Repair_234_r2_0001_complex,48,2.849256753921509,0.8757032155990601,1.543697476387024,0.8279775977134705,4.118929862976074,0.5918749570846558,0.6630313992500305
EPH_relaxed_0001_pdb2pqr_Repair_234_r2_0001_complex,49,3.284623146057129,0.8147203922271729,8.881536483764648,1.033066749572754,4.146507263183594,0.6437499523162842,0.7033981084823608
EPH_relaxed_0001_pdb2pqr_Repair_234_r2_0001_complex,50,2.9997456073760986,0.8638179302215576,2.5471363067626953,1.7990401983261108,4.29880952835083,0.575624942779541,0.6325330138206482
EPH_relaxed_0001_pdb2pqr_Repair_234_r2_0001_complex,51,2.831441640853882,0.8745583295822144,2.286497116088867,1.7370678186416626,4.307599067687988,0.5881249904632568,0.601408839225769
EPH_relaxed_0001_pdb2pqr_Repair_234_r2_0001_complex,52,2.554344892501831,0.8975293040275574,1.4294936656951904,0.7751476168632507,4.390992164611816,0.5731250047683716,0.6818118095397949
EPH_relaxed_0001_pdb2pqr_Repair_234_r2_0001_complex,53,3.1015727519989014,0.8331148624420166,8.610769271850586,1.2791765928268433,4.4356865882873535,0.5993750095367432,0.6149897575378418
EPH_relaxed_0001_pdb2pqr_Repair_234_r2_0001_complex,54,2.5934338569641113,0.8967439532279968,1.8924444913864136,0.7231565713882446,4.622470378875732,0.5668749809265137,0.6869842410087585
EPH_relaxed_0001_pdb2pqr_Repair_234_r2_0001_complex,55,2.7905702590942383,0.8733330368995667,2.0535542964935303,1.673302412033081,4.646608829498291,0.5274999737739563,0.6457021236419678
EPH_relaxed_0001_pdb2pqr_Repair_234_r2_0001_complex,56,3.07576322555542,0.8582279086112976,2.3924977779388428,1.8673361539840698,4.788164138793945,0.5612499713897705,0.6044962406158447
EPH_relaxed_0001_pdb2pqr_Repair_234_r2_0001_complex,57,2.8604252338409424,0.8701390027999878,1.8196640014648438,0.9454795718193054,4.836455821990967,0.5393749475479126,0.6739134788513184
EPH_relaxed_0001_pdb2pqr_Repair_234_r2_0001_complex,58,2.7780356407165527,0.8849223852157593,1.465935468673706,0.9576823115348816,5.029222011566162,0.6443749666213989,0.5326216220855713
EPH_relaxed_0001_pdb2pqr_Repair_234_r2_0001_complex,59,3.0411758422851562,0.8518269062042236,2.857083320617676,2.1686582565307617,5.079981803894043,0.5518749952316284,0.6143701672554016
EPH_relaxed_0001_pdb2pqr_Repair_234_r2_0001_complex,60,3.089634656906128,0.8659453392028809,2.7207419872283936,1.9829063415527344,5.131235122680664,0.5099999904632568,0.6010364294052124
EPH_relaxed_0001_pdb2pqr_Repair_234_r2_0001_complex,61,3.059020757675171,0.8562052249908447,2.839785575866699,2.0998759269714355,5.159998416900635,0.6149999499320984,0.5924923419952393
EPH_relaxed_0001_pdb2pqr_Repair_234_r2_0001_complex,62,2.430323839187622,0.9077419638633728,1.2478251457214355,0.8048356771469116,5.299792289733887,0.5112499594688416,0.634619951248169
EPH_relaxed_0001_pdb2pqr_Repair_234_r2_0001_complex,63,2.9305875301361084,0.8703088760375977,1.9335328340530396,1.0106620788574219,5.411088943481445,0.5174999833106995,0.5917707681655884
EPH_relaxed_0001_pdb2pqr_Repair_234_r2_0001_complex,64,2.3284406661987305,0.9103552103042603,1.6055734157562256,0.9448738694190979,5.492056846618652,0.5349999666213989,0.612078070640564
EPH_relaxed_0001_pdb2pqr_Repair_234_r2_0001_complex,65,2.741145372390747,0.8902633190155029,1.5848222970962524,0.8617196679115295,5.630085468292236,0.49437499046325684,0.5836163759231567
EPH_relaxed_0001_pdb2pqr_Repair_234_r2_0001_complex,66,3.0494604110717773,0.8587470650672913,2.885601282119751,2.0990335941314697,5.646641731262207,0.5006250143051147,0.6235466599464417
EPH_relaxed_0001_pdb2pqr_Repair_234_r2_0001_complex,67,3.1747608184814453,0.8512467741966248,2.961099147796631,2.0513505935668945,5.747058391571045,0.49937498569488525,0.5404050350189209
EPH_relaxed_0001_pdb2pqr_Repair_234_r2_0001_complex,68,2.607452630996704,0.892082691192627,1.8509076833724976,0.8167926073074341,5.81192684173584,0.48749998211860657,0.5651466846466064
EPH_relaxed_0001_pdb2pqr_Repair_234_r2_0001_complex,69,2.7375519275665283,0.8877996802330017,1.7884392738342285,0.9094894528388977,5.963845252990723,0.48749998211860657,0.5673604011535645
EPH_relaxed_0001_pdb2pqr_Repair_234_r2_0001_complex,70,2.930962562561035,0.8801908493041992,2.1349358558654785,1.5701459646224976,5.9942474365234375,0.48874998092651367,0.6000150442123413
EPH_relaxed_0001_pdb2pqr_Repair_234_r2_0001_complex,71,3.244445323944092,0.8137455582618713,8.535101890563965,1.2951127290725708,6.000539302825928,0.48874998092651367,0.5328636169433594
EPH_relaxed_0001_pdb2pqr_Repair_234_r2_0001_complex,72,3.1861331462860107,0.8546468019485474,3.2197165489196777,2.247666597366333,6.0776591300964355,0.4724999666213989,0.5881393551826477
EPH_relaxed_0001_pdb2pqr_Repair_234_r2_0001_complex,73,2.867995500564575,0.885668158531189,1.2604730129241943,0.838222861289978,6.079331398010254,0.47999995946884155,0.6074961423873901
EPH_relaxed_0001_pdb2pqr_Repair_234_r2_0001_complex,74,2.8613240718841553,0.8739317655563354,1.7399827241897583,0.9733163714408875,6.152842998504639,0.4918749928474426,0.5713984966278076
EPH_relaxed_0001_pdb2pqr_Repair_234_r2_0001_complex,75,2.816965341567993,0.8751484155654907,2.845728874206543,2.1507136821746826,6.484655857086182,0.48124998807907104,0.5758251547813416
EPH_relaxed_0001_pdb2pqr_Repair_234_r2_0001_complex,76,2.9648938179016113,0.861173689365387,2.605445623397827,1.1234654188156128,6.552475929260254,0.4674999713897705,0.5367926955223083
EPH_relaxed_0001_pdb2pqr_Repair_234_r2_0001_complex,77,2.998906135559082,0.8503097891807556,3.595555067062378,1.7522962093353271,6.565114498138428,0.4587499499320984,0.5002913475036621
EPH_relaxed_0001_pdb2pqr_Repair_234_r2_0001_complex,78,2.6368913650512695,0.8880080580711365,1.5483218431472778,0.7950829863548279,6.622344017028809,0.4637500047683716,0.5599676370620728
EPH_relaxed_0001_pdb2pqr_Repair_234_r2_0001_complex,79,2.8195972442626953,0.8419492244720459,8.419943809509277,0.7873383164405823,6.720919609069824,0.46562495827674866,0.5990909337997437
EPH_relaxed_0001_pdb2pqr_Repair_234_r2_0001_complex,80,2.8740034103393555,0.8741940855979919,2.3012306690216064,1.6198846101760864,6.753254413604736,0.47749996185302734,0.5121619701385498
EPH_relaxed_0001_pdb2pqr_Repair_234_r2_0001_complex,81,2.721510410308838,0.8878062963485718,1.7455793619155884,1.1403402090072632,6.887754917144775,0.45624998211860657,0.5424058437347412
EPH_relaxed_0001_pdb2pqr_Repair_234_r2_0001_complex,82,3.0842390060424805,0.8342245817184448,6.447197914123535,2.1615679264068604,6.902012348175049,0.46562498807907104,0.4747350215911865
EPH_relaxed_0001_pdb2pqr_Repair_234_r2_0001_complex,83,2.917055606842041,0.8830642104148865,1.6683926582336426,1.4008797407150269,6.917164325714111,0.46687495708465576,0.5228033065795898
EPH_relaxed_0001_pdb2pqr_Repair_234_r2_0001_complex,84,3.2326364517211914,0.8226569890975952,6.619113445281982,2.1023967266082764,6.993913650512695,0.46812501549720764,0.5033783316612244
EPH_relaxed_0001_pdb2pqr_Repair_234_r2_0001_complex,85,3.2812869548797607,0.8211063146591187,7.531760215759277,1.3335373401641846,7.145190715789795,0.44874995946884155,0.5105869174003601
EPH_relaxed_0001_pdb2pqr_Repair_234_r2_0001_complex,86,3.201234817504883,0.8289863467216492,5.859639644622803,2.264855146408081,7.1742777824401855,0.46312496066093445,0.4733086824417114
EPH_relaxed_0001_pdb2pqr_Repair_234_r2_0001_complex,87,2.886662483215332,0.8673720359802246,2.951498508453369,1.8970158100128174,7.183291912078857,0.45937496423721313,0.5219447612762451
EPH_relaxed_0001_pdb2pqr_Repair_234_r2_0001_complex,88,2.973362445831299,0.8661545515060425,3.114391565322876,2.242227554321289,7.221967697143555,0.4581249952316284,0.49934887886047363
EPH_relaxed_0001_pdb2pqr_Repair_234_r2_0001_complex,89,2.961885929107666,0.8434568047523499,8.273563385009766,1.562184453010559,7.2480573654174805,0.4637499749660492,0.5291284918785095
EPH_relaxed_0001_pdb2pqr_Repair_234_r2_0001_complex,90,2.964134693145752,0.8387953042984009,8.449156761169434,1.1252553462982178,7.252269268035889,0.45249998569488525,0.5334560871124268
EPH_relaxed_0001_pdb2pqr_Repair_234_r2_0001_complex,91,3.4261081218719482,0.8070916533470154,8.13321304321289,1.882530689239502,7.266908168792725,0.4531249701976776,0.48501136898994446
EPH_relaxed_0001_pdb2pqr_Repair_234_r2_0001_complex,92,3.3633134365081787,0.8153895139694214,8.38869571685791,1.1563098430633545,7.373284816741943,0.44874995946884155,0.5066342353820801
EPH_relaxed_0001_pdb2pqr_Repair_234_r2_0001_complex,93,3.163060188293457,0.8255332708358765,6.3557562828063965,1.2617297172546387,7.385859966278076,0.4631250202655792,0.4906519055366516
EPH_relaxed_0001_pdb2pqr_Repair_234_r2_0001_complex,94,3.020367383956909,0.8320887088775635,8.145012855529785,1.3361233472824097,7.406884670257568,0.45249998569488525,0.4866832196712494
EPH_relaxed_0001_pdb2pqr_Repair_234_r2_0001_complex,95,3.1827120780944824,0.8253297805786133,7.931556701660156,1.9273401498794556,7.4352264404296875,0.4468749761581421,0.4686434268951416
EPH_relaxed_0001_pdb2pqr_Repair_234_r2_0001_complex,96,3.03279185295105,0.8323054909706116,7.978602886199951,1.7377314567565918,7.5047454833984375,0.445624977350235,0.4811536967754364
EPH_relaxed_0001_pdb2pqr_Repair_234_r2_0001_complex,97,3.187474250793457,0.827979326248169,7.647587776184082,1.7037934064865112,7.540433883666992,0.4449999928474426,0.4595693349838257
EPH_relaxed_0001_pdb2pqr_Repair_234_r2_0001_complex,98,3.290715456008911,0.817101001739502,8.172380447387695,1.9486644268035889,7.570062637329102,0.4568749666213989,0.5022332668304443
EPH_relaxed_0001_pdb2pqr_Repair_234_r2_0001_complex,99,3.311967611312866,0.8088446855545044,8.305806159973145,1.1463394165039062,7.593744277954102,0.4543749690055847,0.5235927700996399
EPH_relaxed_0001_pdb2pqr_Repair_234_r2_0001_complex,100,3.1234309673309326,0.8253353834152222,7.938259124755859,1.798514723777771,7.616186141967773,0.4468749761581421,0.4747539758682251
