Snapshot, Tunnel cluster, Tunnel, Throughput, Cost, Bottleneck radius, Average R error bound, Max. R error bound, Bottleneck R error bound, Curvature, Length, , Axis, Values...
EPH.pdb0, 1, 1, 0.7515205631649863, 0.28565670733580345, 1.1377715827288069, -, -, -, 1.1658001467308987, 8.304711942770869, , X, -4.782173088624635, -4.987895325974698, -5.1872918519685625, -5.386053574445886, -5.580486878489238, -5.774330114610062, -6.114938222115198, -6.583623949031206, -7.052309675947214, -7.518775437416608, -7.980602450760325, -8.368348966349577, -8.820329626843634, -9.224297369678101, -9.671205460232411, -10.11811355078672, -10.592389457521167, -11.079718123459369
EPH.pdb0, 1, 1, 0.7515205631649863, 0.28565670733580345, 1.1377715827288069, -, -, -, 1.1658001467308987, 8.304711942770869, , Y, 4.606773995932454, 4.616241932342986, 5.007158767648302, 5.43635510841379, 5.872631527560788, 6.309873132307482, 6.606344862433447, 6.7799706400086945, 6.953596417583941, 6.8692580591923935, 6.78600358649291, 6.905700724254331, 7.095494306456341, 7.2804815178999975, 7.460620702561715, 7.640759887223433, 7.775777020376615, 7.8839996121426035
EPH.pdb0, 1, 1, 0.7515205631649863, 0.28565670733580345, 1.1377715827288069, -, -, -, 1.1658001467308987, 8.304711942770869, , Z, -0.7092868981011633, -1.1649059486684226, -1.3537971344566633, -1.5159214039272224, -1.6636403932836317, -1.8093955952105039, -1.8846355381401023, -1.8983387766844764, -1.9120420152288504, -1.827105500020791, -1.9574143042836742, -1.7413393035387923, -1.6428919638373825, -1.6494340042705284, -1.515931072667839, -1.3824281410651498, -1.323248648312947, -1.2980278821890814
EPH.pdb0, 1, 1, 0.7515205631649863, 0.28565670733580345, 1.1377715827288069, -, -, -, 1.1658001467308987, 8.304711942770869, , distance, 0.0, 0.5000000000000002, 0.8601294220071111, 1.3051956517437264, 1.7749621943115177, 2.2572464149908895, 2.6750684060130188, 3.062981101189871, 3.4796142711001155, 3.722545497198993, 4.066548169517962, 4.3830187879746285, 4.834465371676923, 5.269255793998734, 5.7181949407072326, 6.174985841058289, 6.6466640845654705, 7.123615455066368
EPH.pdb0, 1, 1, 0.7515205631649863, 0.28565670733580345, 1.1377715827288069, -, -, -, 1.1658001467308987, 8.304711942770869, , length, 0.0, 0.5, 1.0, 1.5, 2.0, 2.5, 3.0, 3.5, 4.0, 4.5, 5.0, 5.5, 6.0, 6.5, 7.0, 7.5, 8.0, 8.5
EPH.pdb0, 1, 1, 0.7515205631649863, 0.28565670733580345, 1.1377715827288069, -, -, -, 1.1658001467308987, 8.304711942770869, , R, 1.1377715827288069, 1.414321592428101, 1.519486264530011, 1.6775590372526192, 1.8924670802604635, 2.161924674008292, 2.3314194658931426, 2.4322155578849456, 2.5917616333774744, 2.5822085965963786, 2.5712782540301435, 2.3478980326407166, 2.1188224834083815, 1.948399534797439, 1.809632967006304, 1.7423788953717985, 1.6871351741900655, 1.6739590316720414
EPH.pdb0, 1, 1, 0.7515205631649863, 0.28565670733580345, 1.1377715827288069, -, -, -, 1.1658001467308987, 8.304711942770869, , Upper limit of R overestimation, -, -, -, -, -, -, -, -, -, -, -, -, -, -, -, -, -, -
EPH.pdb0, 2, 2, 0.6701250655091662, 0.4002909190778033, 1.1377715827288069, -, -, -, 1.292639820538046, 17.634886937623314, , X, -4.782173088624635, -4.987895325974698, -5.1872918519685625, -5.386053574445886, -5.580486878489238, -5.774330114610062, -5.827411028848281, -5.757652581600179, -5.432718872227754, -5.090094091073501, -4.747469309919248, -4.404844528764996, -4.062219747610743, -3.7424826426077478, -3.4697120779241244, -3.033152577569816, -2.5965930772155073, -2.141483105130813, -1.6960741488120914, -1.2506651924933694, -0.7997457943677933, -0.33463526182939396, 0.029305354448680154, 0.3030895358463874, 0.5580285545589594, 0.8173622570573125, 0.9808044869563536, 1.1646918304696723, 1.3119193212768816, 1.401825341558917, 1.3944349440057933, 1.386128416454965, 1.3778218889041367, 1.4320250930672174, 1.531011353945347, 1.6202862774446822, 1.4280862885882835
EPH.pdb0, 2, 2, 0.6701250655091662, 0.4002909190778033, 1.1377715827288069, -, -, -, 1.292639820538046, 17.634886937623314, , Y, 4.606773995932454, 4.616241932342986, 5.007158767648302, 5.43635510841379, 5.872631527560788, 6.309873132307482, 6.6877807219829295, 7.013909167720627, 7.328199074685738, 7.64166822638847, 7.955137378091202, 8.268606529793933, 8.582075681496665, 8.783324568522142, 9.128763378885456, 9.366462680798898, 9.604161982712341, 9.691429251382122, 9.791609770221449, 9.891790289060776, 9.997175400441817, 10.155755640121562, 10.481986854194213, 10.876182105745375, 11.28458370146621, 11.691618693691677, 12.070653536413351, 12.444896278092022, 12.878680581750773, 13.342261160066247, 13.841223641533574, 14.340219340948195, 14.839215040362816, 15.332993879933628, 15.823092757353725, 16.314984903173407, 16.7369221996167
EPH.pdb0, 2, 2, 0.6701250655091662, 0.4002909190778033, 1.1377715827288069, -, -, -, 1.292639820538046, 17.634886937623314, , Z, -0.7092868981011633, -1.1649059486684226, -1.3537971344566633, -1.5159214039272224, -1.6636403932836317, -1.8093955952105039, -1.6783917208168422, -1.3058679015539019, -1.10840602847462, -0.9230810429228322, -0.7377560573710445, -0.5524310718192568, -0.367106086267469, -0.10516973968971607, -0.16174063564281627, -0.2157299356962385, -0.2697192357496607, -0.441549160832292, -0.6454479721975136, -0.8493467835627351, -1.0271549081101663, -1.0741855190269607, -1.1796389342766325, -1.3094976715678952, -1.4444577891973136, -1.5747316607834723, -1.8156434140764357, -1.721198258322867, -1.5208186008056601, -1.4065640929307117, -1.4378505762609872, -1.468416792346074, -1.4989830084311608, -1.5101374158677832, -1.5081576562342915, -1.5017046782215393, -1.3503846932291221
EPH.pdb0, 2, 2, 0.6701250655091662, 0.4002909190778033, 1.1377715827288069, -, -, -, 1.292639820538046, 17.634886937623314, , distance, 0.0, 0.5000000000000002, 0.8601294220071111, 1.3051956517437264, 1.7749621943115177, 2.2572464149908895, 2.5223551500455037, 2.6649144207940663, 2.826421829108525, 3.0579578594487455, 3.348664238807398, 3.684562131158967, 4.054435103990923, 4.346203912614451, 4.740332139595366, 5.094831459437545, 5.472098903205992, 5.735734142344325, 6.034119992270587, 6.357874016570697, 6.709485414513207, 7.120740201122053, 7.608526925494706, 8.0947901133887, 8.582037770383948, 9.071869438884285, 9.494494882398936, 9.890668727491917, 10.306356512823443, 10.725519477661129, 11.133568703656126, 11.548341003724827, 11.969628557210669, 12.422134019285558, 12.895747316534962, 13.367932320327467, 13.642537277153508
EPH.pdb0, 2, 2, 0.6701250655091662, 0.4002909190778033, 1.1377715827288069, -, -, -, 1.292639820538046, 17.634886937623314, , length, 0.0, 0.5, 1.0, 1.5, 2.0, 2.5, 3.0, 3.5, 4.0, 4.5, 5.0, 5.5, 6.0, 6.5, 7.0, 7.5, 8.0, 8.5, 9.0, 9.5, 10.0, 10.5, 11.0, 11.5, 12.0, 12.5, 13.0, 13.5, 14.0, 14.5, 15.0, 15.5, 16.0, 16.5, 17.0, 17.5, 18.0
EPH.pdb0, 2, 2, 0.6701250655091662, 0.4002909190778033, 1.1377715827288069, -, -, -, 1.292639820538046, 17.634886937623314, , R, 1.1377715827288069, 1.414321592428101, 1.519486264530011, 1.6775590372526192, 1.8924670802604635, 2.161924674008292, 2.229449681558158, 2.1397154846476205, 1.9223523720379165, 1.7526848785395592, 1.653506384926287, 1.6314788966633325, 1.688191966990248, 1.7294399958769202, 1.8476516586458618, 1.907492281917261, 2.037292367970977, 2.1433166512428237, 2.281234341783094, 2.4773586472856506, 2.7068713403259825, 2.877352681224863, 2.981433777452468, 3.064023478293057, 3.1834422952078634, 3.3520007867143025, 3.383945021239866, 3.292439504106867, 3.1595186816125707, 3.009184134084227, 2.7974776157649948, 2.634565122119574, 2.527247181138445, 2.476516373753096, 2.4847817499114755, 2.546823014807337, 2.4375266796857296
EPH.pdb0, 2, 2, 0.6701250655091662, 0.4002909190778033, 1.1377715827288069, -, -, -, 1.292639820538046, 17.634886937623314, , Upper limit of R overestimation, -, -, -, -, -, -, -, -, -, -, -, -, -, -, -, -, -, -, -, -, -, -, -, -, -, -, -, -, -, -, -, -, -, -, -, -, -
EPH.pdb0, 3, 3, 0.4724451335726899, 0.7498336582136003, 1.1377715827288069, -, -, -, 1.470538041489825, 26.314776563794986, , X, -4.782173088624635, -4.987895325974698, -5.1872918519685625, -5.386053574445886, -5.580486878489238, -5.774330114610062, -5.827411028848281, -5.757652581600179, -5.432718872227754, -5.090094091073501, -4.747469309919248, -4.404844528764996, -4.062219747610743, -3.7424826426077478, -3.4697120779241244, -3.033152577569816, -2.5965930772155073, -2.141483105130813, -1.6960741488120914, -1.2506651924933694, -0.7997457943677933, -0.3348113023807055, 0.07190668365833175, 0.4791913512417176, 0.7151096241959247, 0.7804391494399643, 0.8476510871285703, 1.0058365342457876, 0.9829324639611849, 0.9493105850533277, 0.9396464011761089, 0.8217148164075719, 0.7538119465846495, 0.8847564084379742, 0.965153486138988, 1.1752768441052646, 1.3239165742280987, 1.4534870733280063, 1.5819607832791673, 1.5939391581901932, 1.6511222080277446, 1.9214482070854537, 2.3288799916940106, 2.7378439645850743, 3.0158848059862184, 3.2511910150382346, 3.486497224090251, 3.666194832239841, 3.8734354527548076, 4.276060516562849, 4.748074737912813, 4.87255341142011, 5.244204734179396, 5.60503007623543, 5.577278731358618, 5.73465844909305
EPH.pdb0, 3, 3, 0.4724451335726899, 0.7498336582136003, 1.1377715827288069, -, -, -, 1.470538041489825, 26.314776563794986, , Y, 4.606773995932454, 4.616241932342986, 5.007158767648302, 5.43635510841379, 5.872631527560788, 6.309873132307482, 6.6877807219829295, 7.013909167720627, 7.328199074685738, 7.64166822638847, 7.955137378091202, 8.268606529793933, 8.582075681496665, 8.783324568522142, 9.128763378885456, 9.366462680798898, 9.604161982712341, 9.691429251382122, 9.791609770221449, 9.891790289060776, 9.997175400441817, 10.132303897509733, 10.390739371202384, 10.650597780033076, 10.90997317042417, 11.10924483562824, 11.305901485446674, 11.595368035588727, 11.706132267510158, 11.90706575188865, 12.097915080315826, 12.128388789478583, 12.184020473126767, 12.35590473171373, 12.41911343006155, 12.21715108924191, 11.982210859424915, 11.826678147365032, 11.730279792245874, 11.63425060458514, 11.55127852944791, 11.531923803661131, 11.571117532512565, 11.61460825931797, 11.840933505211396, 12.125239072863407, 12.409544640515417, 12.73224679235007, 13.049996622665805, 13.288013803439704, 13.394151534461265, 13.635594183860617, 13.838708708657702, 14.036973098107161, 14.033100489295789, 14.301106706675407
EPH.pdb0, 3, 3, 0.4724451335726899, 0.7498336582136003, 1.1377715827288069, -, -, -, 1.470538041489825, 26.314776563794986, , Z, -0.7092868981011633, -1.1649059486684226, -1.3537971344566633, -1.5159214039272224, -1.6636403932836317, -1.8093955952105039, -1.6783917208168422, -1.3058679015539019, -1.10840602847462, -0.9230810429228322, -0.7377560573710445, -0.5524310718192568, -0.367106086267469, -0.10516973968971607, -0.16174063564281627, -0.2157299356962385, -0.2697192357496607, -0.441549160832292, -0.6454479721975136, -0.8493467835627351, -1.0271549081101663, -1.0194944721352075, -0.888370981346912, -0.7595579117015058, -0.6587158317065067, -0.20481842415917884, 0.24991027617023182, 0.5094191715532388, 0.9729287466988358, 1.429541606914384, 1.887771810948962, 2.3460880094003174, 2.793870376846501, 3.2359939616289397, 3.5859108763017193, 3.9447185299450016, 4.356318491782319, 4.732710691391104, 5.171592024379981, 5.66213755096412, 6.14132313397057, 6.55676496644079, 6.8437616664833545, 7.128036396101752, 7.4531795893462105, 7.790524119735599, 8.127868650124988, 8.456257524354113, 8.571058958490816, 8.449311945188857, 8.379761898639838, 8.688415639441294, 8.95125964507905, 9.234920578664333, 9.669022171605588, 10.044083861941225
EPH.pdb0, 3, 3, 0.4724451335726899, 0.7498336582136003, 1.1377715827288069, -, -, -, 1.470538041489825, 26.314776563794986, , distance, 0.0, 0.5000000000000002, 0.8601294220071111, 1.3051956517437264, 1.7749621943115177, 2.2572464149908895, 2.5223551500455037, 2.6649144207940663, 2.826421829108525, 3.0579578594487455, 3.348664238807398, 3.684562131158967, 4.054435103990923, 4.346203912614451, 4.740332139595366, 5.094831459437545, 5.472098903205992, 5.735734142344325, 6.034119992270587, 6.357874016570697, 6.709485414513207, 7.099770157544221, 7.553040249255928, 8.013257070452623, 8.363790677123927, 8.57200503810873, 8.803027240091364, 9.15569475953476, 9.29877300380456, 9.52463921613759, 9.777582879129852, 9.864763787341687, 10.016681355580475, 10.379227242288371, 10.607220847718226, 10.727013364755164, 10.832440069724692, 10.982978256159676, 11.217453885374665, 11.429579361432753, 11.685216703230978, 12.07028367661655, 12.494706856328673, 12.926098945989098, 13.407782437528402, 13.903562251235785, 14.399633907008969, 14.879698694920393, 15.242453436509056, 15.533687695261213, 15.832069847919492, 16.21882088071563, 16.70577835057646, 17.196217811940347, 17.4322451886266, 17.89465884006311
EPH.pdb0, 3, 3, 0.4724451335726899, 0.7498336582136003, 1.1377715827288069, -, -, -, 1.470538041489825, 26.314776563794986, , length, 0.0, 0.5, 1.0, 1.5, 2.0, 2.5, 3.0, 3.5, 4.0, 4.5, 5.0, 5.5, 6.0, 6.5, 7.0, 7.5, 8.0, 8.5, 9.0, 9.5, 10.0, 10.5, 11.0, 11.5, 12.0, 12.5, 13.0, 13.5, 14.0, 14.5, 15.0, 15.5, 16.0, 16.5, 17.0, 17.5, 18.0, 18.5, 19.0, 19.5, 20.0, 20.5, 21.0, 21.5, 22.0, 22.5, 23.0, 23.5, 24.0, 24.5, 25.0, 25.5, 26.0, 26.5, 27.0, 27.5
EPH.pdb0, 3, 3, 0.4724451335726899, 0.7498336582136003, 1.1377715827288069, -, -, -, 1.470538041489825, 26.314776563794986, , R, 1.1377715827288069, 1.414321592428101, 1.519486264530011, 1.6775590372526192, 1.8924670802604635, 2.161924674008292, 2.229449681558158, 2.1397154846476205, 1.9223523720379165, 1.7526848785395592, 1.653506384926287, 1.6314788966633325, 1.688191966990248, 1.7294399958769202, 1.8476516586458618, 1.907492281917261, 2.037292367970977, 2.1433166512428237, 2.281234341783094, 2.4773586472856506, 2.7068713403259825, 2.858418042594304, 2.885213376702152, 2.968724084498454, 2.984470738965706, 2.7546819643593037, 2.570205126693818, 2.5373585600252917, 2.3714320248557685, 2.229279414328144, 2.128171324838481, 2.0509556897123975, 2.0137328747090004, 1.9411421536503823, 1.8650686268622145, 1.6890459480069437, 1.4969214211685897, 1.4156789799918785, 1.4116821705028686, 1.4000761040952718, 1.4531672238162403, 1.4921347669988942, 1.5262161448739535, 1.6354725477829826, 1.63912396937617, 1.6632942948364566, 1.7643052356913511, 1.8827060079727245, 1.9207108903922663, 1.8527195988785778, 1.6778144541857198, 1.790009876239786, 1.817040788101909, 1.9131084754883072, 1.9375551273985754, 1.8113638078474699
EPH.pdb0, 3, 3, 0.4724451335726899, 0.7498336582136003, 1.1377715827288069, -, -, -, 1.470538041489825, 26.314776563794986, , Upper limit of R overestimation, -, -, -, -, -, -, -, -, -, -, -, -, -, -, -, -, -, -, -, -, -, -, -, -, -, -, -, -, -, -, -, -, -, -, -, -, -, -, -, -, -, -, -, -, -, -, -, -, -, -, -, -, -, -, -, -
EPH.pdb0, 4, 4, 0.46745425409204766, 0.760453787250759, 1.1377715827288069, -, -, -, 1.3024321501207978, 27.768701852862097, , X, -4.782173088624635, -4.987895325974698, -5.1872918519685625, -5.386053574445886, -5.580486878489238, -5.774330114610062, -5.827411028848281, -5.757652581600179, -5.432718872227754, -5.090094091073501, -4.747469309919248, -4.404844528764996, -4.062219747610743, -3.7424826426077478, -3.4697120779241244, -3.033152577569816, -2.5965930772155073, -2.141483105130813, -1.6960741488120914, -1.2506651924933694, -0.7997457943677933, -0.33463526182939396, 0.029305354448680154, 0.3030895358463874, 0.5580285545589594, 0.8173622570573125, 0.9808044869563536, 1.1646918304696723, 1.3119193212768816, 1.4662382067460407, 1.6947440482957883, 1.9232498898455357, 2.1517557313952826, 2.38026157294503, 2.609017879291766, 2.892992552531574, 3.303188816404357, 3.6988381223626865, 4.092342837256126, 4.491153138442128, 4.919875052324596, 5.348596966207065, 5.777318880089534, 6.15009517562831, 6.340499323979009, 6.634219171316952, 6.829293528732377, 6.843589864983717, 7.2581426184423945, 7.744389594711799, 8.230636570981202, 8.719562968778858, 9.181665794063026, 9.38738878926512, 9.717807280727577, 10.142024289503436, 10.566241298279294, 10.990458307055155
EPH.pdb0, 4, 4, 0.46745425409204766, 0.760453787250759, 1.1377715827288069, -, -, -, 1.3024321501207978, 27.768701852862097, , Y, 4.606773995932454, 4.616241932342986, 5.007158767648302, 5.43635510841379, 5.872631527560788, 6.309873132307482, 6.6877807219829295, 7.013909167720627, 7.328199074685738, 7.64166822638847, 7.955137378091202, 8.268606529793933, 8.582075681496665, 8.783324568522142, 9.128763378885456, 9.366462680798898, 9.604161982712341, 9.691429251382122, 9.791609770221449, 9.891790289060776, 9.997175400441817, 10.155755640121562, 10.481986854194213, 10.876182105745375, 11.28458370146621, 11.691618693691677, 12.070653536413351, 12.444896278092022, 12.878680581750773, 13.326626036981985, 13.768743470379018, 14.210860903776052, 14.652978337173085, 15.095095770570119, 15.537100669194167, 15.886624317327598, 15.784470081566658, 15.620260458228012, 15.460818032486412, 15.434765061827173, 15.430788112776293, 15.426811163725414, 15.422834214674534, 15.511034590052592, 15.899715629973212, 16.116592057993618, 16.49437917270667, 16.839898863533584, 17.041551736315064, 17.135660758071104, 17.229769779827144, 17.316031465956474, 17.41766852629815, 17.862571813033476, 18.1695151049235, 18.347653408256214, 18.525791711588923, 18.70393001492163
EPH.pdb0, 4, 4, 0.46745425409204766, 0.760453787250759, 1.1377715827288069, -, -, -, 1.3024321501207978, 27.768701852862097, , Z, -0.7092868981011633, -1.1649059486684226, -1.3537971344566633, -1.5159214039272224, -1.6636403932836317, -1.8093955952105039, -1.6783917208168422, -1.3058679015539019, -1.10840602847462, -0.9230810429228322, -0.7377560573710445, -0.5524310718192568, -0.367106086267469, -0.10516973968971607, -0.16174063564281627, -0.2157299356962385, -0.2697192357496607, -0.441549160832292, -0.6454479721975136, -0.8493467835627351, -1.0271549081101663, -1.0741855190269607, -1.1796389342766325, -1.3094976715678952, -1.4444577891973136, -1.5747316607834723, -1.8156434140764357, -1.721198258322867, -1.5208186008056601, -1.384255627896202, -1.3361177481749107, -1.2879798684536197, -1.2398419887323286, -1.1917041090110376, -1.1437301688186317, -1.1558995385274624, -1.4002642918842076, -1.658134077430465, -1.9220220432734365, -2.20992697418673, -2.467185024465433, -2.724443074744136, -2.9817011250228393, -3.237336645312946, -3.4876830243502095, -3.580556103662097, -3.8436585381543455, -4.117114797778144, -4.155466118497416, -4.086855841621553, -4.01824556474569, -4.059005902403994, -4.133336168149573, -4.08496578543084, -3.954356210998933, -3.7586353016637117, -3.5629143923284907, -3.3671934829932693
EPH.pdb0, 4, 4, 0.46745425409204766, 0.760453787250759, 1.1377715827288069, -, -, -, 1.3024321501207978, 27.768701852862097, , distance, 0.0, 0.5000000000000002, 0.8601294220071111, 1.3051956517437264, 1.7749621943115177, 2.2572464149908895, 2.5223551500455037, 2.6649144207940663, 2.826421829108525, 3.0579578594487455, 3.348664238807398, 3.684562131158967, 4.054435103990923, 4.346203912614451, 4.740332139595366, 5.094831459437545, 5.472098903205992, 5.735734142344325, 6.034119992270587, 6.357874016570697, 6.709485414513207, 7.120740201122053, 7.608526925494706, 8.0947901133887, 8.582037770383948, 9.071869438884285, 9.494494882398936, 9.890668727491917, 10.306356512823443, 10.748676482251787, 11.23766244215532, 11.727577252252228, 12.218309181358096, 12.709763581395809, 13.201912212399277, 13.65073821237707, 13.812726619926114, 13.932865684624298, 14.07259860148437, 14.334988331863205, 14.641694763708404, 14.958828852305187, 15.285741581994316, 15.646354975854631, 16.092354003759084, 16.463721052830252, 16.910517420316715, 17.21688122958483, 17.648485799004142, 18.035957089278167, 18.428848180364284, 18.842577302772, 19.256996869022245, 19.694869066068204, 20.117849088474294, 20.51443297026894, 20.915450466979866, 21.320651406130146
EPH.pdb0, 4, 4, 0.46745425409204766, 0.760453787250759, 1.1377715827288069, -, -, -, 1.3024321501207978, 27.768701852862097, , length, 0.0, 0.5, 1.0, 1.5, 2.0, 2.5, 3.0, 3.5, 4.0, 4.5, 5.0, 5.5, 6.0, 6.5, 7.0, 7.5, 8.0, 8.5, 9.0, 9.5, 10.0, 10.5, 11.0, 11.5, 12.0, 12.5, 13.0, 13.5, 14.0, 14.5, 15.0, 15.5, 16.0, 16.5, 17.0, 17.5, 18.0, 18.5, 19.0, 19.5, 20.0, 20.5, 21.0, 21.5, 22.0, 22.5, 23.0, 23.5, 24.0, 24.5, 25.0, 25.5, 26.0, 26.5, 27.0, 27.5, 28.0, 28.5
EPH.pdb0, 4, 4, 0.46745425409204766, 0.760453787250759, 1.1377715827288069, -, -, -, 1.3024321501207978, 27.768701852862097, , R, 1.1377715827288069, 1.414321592428101, 1.519486264530011, 1.6775590372526192, 1.8924670802604635, 2.161924674008292, 2.229449681558158, 2.1397154846476205, 1.9223523720379165, 1.7526848785395592, 1.653506384926287, 1.6314788966633325, 1.688191966990248, 1.7294399958769202, 1.8476516586458618, 1.907492281917261, 2.037292367970977, 2.1433166512428237, 2.281234341783094, 2.4773586472856506, 2.7068713403259825, 2.877352681224863, 2.981433777452468, 3.064023478293057, 3.1834422952078634, 3.3520007867143025, 3.383945021239866, 3.292439504106867, 3.1595186816125707, 3.012842879975262, 2.817070103846959, 2.6720984717470233, 2.583315989290172, 2.554397454729353, 2.5864147837705267, 2.601066636888963, 2.3593120264245755, 2.1424848596257138, 1.9780253913977348, 1.781409048819099, 1.6033697276631358, 1.498538587419473, 1.4746138234834576, 1.483104671977531, 1.408247443842308, 1.338273416930213, 1.3879372880960337, 1.5352147710274222, 1.55031380224298, 1.565837827684796, 1.6608746208074745, 1.779363371631053, 1.8749919982994836, 1.809533145285219, 1.7350740319045985, 1.6683278936507397, 1.6792753182061486, 1.7671401500293142
EPH.pdb0, 4, 4, 0.46745425409204766, 0.760453787250759, 1.1377715827288069, -, -, -, 1.3024321501207978, 27.768701852862097, , Upper limit of R overestimation, -, -, -, -, -, -, -, -, -, -, -, -, -, -, -, -, -, -, -, -, -, -, -, -, -, -, -, -, -, -, -, -, -, -, -, -, -, -, -, -, -, -, -, -, -, -, -, -, -, -, -, -, -, -, -, -, -, -
EPH.pdb0, 5, 5, 0.45042323140090984, 0.7975676239999101, 1.1377715827288069, -, -, -, 1.5406184399074785, 27.23542818668259, , X, -4.782173088624635, -4.987895325974698, -5.1872918519685625, -5.386053574445886, -5.580486878489238, -5.774330114610062, -6.114938222115198, -6.583623949031206, -7.052309675947214, -7.518775437416608, -7.980602450760325, -7.951239716376013, -8.055456744520578, -8.171616327621315, -8.437872544542028, -8.70918744323855, -8.904881637876569, -9.103401992307353, -9.270192159069257, -9.427262589472988, -9.580532348953668, -9.733802108434347, -9.921067671352256, -10.20293521529123, -10.591987610579846, -10.983931370385559, -11.257653384986439, -11.516254978814207, -11.680454613449433, -11.690713340922512, -11.629172639401373, -11.589849171232874, -11.933644745615565, -12.110076506823527, -12.438093478662827, -12.818631703987355, -13.202757194172577, -13.586882684357796, -13.994612780987012, -14.418926304851345, -14.843239828715676, -15.274760922602251, -15.630126055360975, -16.000178684457207, -16.449596558912717, -16.903267785732574, -17.333703639417156, -17.750300132866347, -18.167042854785432, -18.583785576704518, -19.0005282986236, -19.275426497842304, -19.716997868996227, -20.119355146705907, -20.482254803498186, -20.820760444225616, -21.17316202112641
EPH.pdb0, 5, 5, 0.45042323140090984, 0.7975676239999101, 1.1377715827288069, -, -, -, 1.5406184399074785, 27.23542818668259, , Y, 4.606773995932454, 4.616241932342986, 5.007158767648302, 5.43635510841379, 5.872631527560788, 6.309873132307482, 6.606344862433447, 6.7799706400086945, 6.953596417583941, 6.8692580591923935, 6.78600358649291, 6.7777657907504025, 6.58393829662382, 6.375035045255796, 6.101128906993539, 5.728443757584323, 5.276312943165536, 4.823937886643483, 4.3603381933345355, 3.891791911696034, 3.421311384750906, 2.9508308578057783, 2.498197031702083, 2.0856833795676932, 1.7814237859380095, 1.4828304914599453, 1.1515795261980224, 0.8155147344630947, 0.4525756723587093, 0.1919962494553788, -0.03716594646126728, -0.416683703805293, -0.6907374078946489, -1.0371657675252028, -1.1569263456583747, -1.3970309760193318, -1.5814671159798985, -1.7659032559404653, -1.9255549383331263, -2.068680769425013, -2.2118066005169, -2.3499029358923416, -2.600213333114109, -2.8861072376531114, -3.0948889853622448, -3.2944320275984014, -3.2473606915238573, -3.1439282749666138, -3.0609336786317076, -2.977939082296802, -2.894944485961896, -2.664354206206559, -2.5519632274960506, -2.4810874773364286, -2.242677440167814, -1.9034968566438804, -1.7677089254702576
EPH.pdb0, 5, 5, 0.45042323140090984, 0.7975676239999101, 1.1377715827288069, -, -, -, 1.5406184399074785, 27.23542818668259, , Z, -0.7092868981011633, -1.1649059486684226, -1.3537971344566633, -1.5159214039272224, -1.6636403932836317, -1.8093955952105039, -1.8846355381401023, -1.8983387766844764, -1.9120420152288504, -1.827105500020791, -1.9574143042836742, -2.351318137772725, -2.80028329629321, -3.23159140993696, -3.5099997842688917, -3.4933114933913187, -3.5781530389521716, -3.6528312373020744, -3.5676469392455337, -3.492078449303279, -3.420269991624746, -3.3484615339462134, -3.279876213844375, -3.260301370893317, -3.3210583976406665, -3.4056556533338638, -3.6532702443593625, -3.9044761440205336, -3.6178138935930115, -3.2452484887362996, -2.806511963941591, -2.5291731223507954, -2.4381934240160756, -2.689402342954431, -2.965581922661862, -3.1692149666682474, -3.4308080056933896, -3.6924010447185323, -3.931316814812489, -4.153742150464904, -4.3761674861173185, -4.587614193923574, -4.7662381221383265, -4.751613940648155, -4.6852425058702, -4.619507819879847, -4.4822159785044775, -4.231548388471192, -3.9680386150154847, -3.7045288415597772, -3.4410190681040693, -3.1202134643010346, -3.0271315084548394, -2.73888638861173, -2.717116609760551, -2.8318908057619763, -2.5042099147331855
EPH.pdb0, 5, 5, 0.45042323140090984, 0.7975676239999101, 1.1377715827288069, -, -, -, 1.5406184399074785, 27.23542818668259, , distance, 0.0, 0.5000000000000002, 0.8601294220071111, 1.3051956517437264, 1.7749621943115177, 2.2572464149908895, 2.6750684060130188, 3.062981101189871, 3.4796142711001155, 3.722545497198993, 4.066548169517962, 4.177613583895915, 4.358420642977912, 4.580075617210005, 4.841614171219457, 4.942709554761277, 5.067090004929686, 5.233032836729904, 5.326656353312792, 5.461866408940495, 5.6372868054646155, 5.850300879870912, 6.120642431696481, 6.499864211675535, 6.968349801383691, 7.4492438051604495, 7.908049812393634, 8.362460164849525, 8.561727687261893, 8.581916578339941, 8.534982953333067, 8.653991378316963, 9.066217056180268, 9.459021182708913, 9.845010202336722, 10.328677907660538, 10.798483313726928, 11.270887118300976, 11.744013077949116, 12.218550685753433, 12.695043069860438, 13.17312324397823, 13.641026470312934, 14.082873522390818, 14.53453150629302, 14.987989222696092, 15.279507344869971, 15.512963312476986, 15.766037624975642, 16.030715955628377, 16.306433261382722, 16.39317744134276, 16.723304502766428, 17.017232672760287, 17.246417917359683, 17.439190299035264, 17.67824367227372
EPH.pdb0, 5, 5, 0.45042323140090984, 0.7975676239999101, 1.1377715827288069, -, -, -, 1.5406184399074785, 27.23542818668259, , length, 0.0, 0.5, 1.0, 1.5, 2.0, 2.5, 3.0, 3.5, 4.0, 4.5, 5.0, 5.5, 6.0, 6.5, 7.0, 7.5, 8.0, 8.5, 9.0, 9.5, 10.0, 10.5, 11.0, 11.5, 12.0, 12.5, 13.0, 13.5, 14.0, 14.5, 15.0, 15.5, 16.0, 16.5, 17.0, 17.5, 18.0, 18.5, 19.0, 19.5, 20.0, 20.5, 21.0, 21.5, 22.0, 22.5, 23.0, 23.5, 24.0, 24.5, 25.0, 25.5, 26.0, 26.5, 27.0, 27.5, 28.0
EPH.pdb0, 5, 5, 0.45042323140090984, 0.7975676239999101, 1.1377715827288069, -, -, -, 1.5406184399074785, 27.23542818668259, , R, 1.1377715827288069, 1.414321592428101, 1.519486264530011, 1.6775590372526192, 1.8924670802604635, 2.161924674008292, 2.3314194658931426, 2.4322155578849456, 2.5917616333774744, 2.5822085965963786, 2.5712782540301435, 2.478192898199095, 2.2820899515374515, 2.133024644550219, 2.0249791028171775, 1.8404894267351821, 1.6035935355412803, 1.4249839133475208, 1.2563711148080987, 1.1623481885286888, 1.1563337424231128, 1.242341904464737, 1.3825333671739148, 1.5427691048698025, 1.6797612405019637, 1.8638341848877769, 1.9587794576826263, 2.10365638800103, 2.116921173699285, 2.1685554712234465, 2.2557188159300567, 2.321585662495521, 2.1991010634947545, 2.1750463857254667, 1.9619723839283285, 1.8220400820206635, 1.7170999434337264, 1.6875536126033155, 1.697214069696816, 1.757546134942332, 1.8908871225966535, 2.079418885457947, 2.2352281403471257, 2.1592063446458236, 2.087147021253304, 2.0754791152848195, 2.012321040778076, 1.8911728435333588, 1.8304313792554163, 1.8437301743361116, 1.9302131737588506, 1.9388714364761328, 1.9206834748678938, 1.8266888005913087, 1.7166494073295713, 1.6172954517282627, 1.573274709296609
EPH.pdb0, 5, 5, 0.45042323140090984, 0.7975676239999101, 1.1377715827288069, -, -, -, 1.5406184399074785, 27.23542818668259, , Upper limit of R overestimation, -, -, -, -, -, -, -, -, -, -, -, -, -, -, -, -, -, -, -, -, -, -, -, -, -, -, -, -, -, -, -, -, -, -, -, -, -, -, -, -, -, -, -, -, -, -, -, -, -, -, -, -, -, -, -, -, -
EPH.pdb0, 6, 6, 0.42425755191746445, 0.85741457439579, 0.9000017913434251, -, -, -, 2.299276881197701, 19.79062002299794, , X, -4.782173088624635, -4.987895325974698, -5.1872918519685625, -5.386053574445886, -5.580486878489238, -5.774330114610062, -6.114938222115198, -6.583623949031206, -7.052309675947214, -7.518775437416608, -7.980602450760325, -7.951239716376013, -8.055456744520578, -8.171616327621315, -8.437872544542028, -8.70918744323855, -8.904881637876569, -9.103401992307353, -9.270192159069257, -9.427262589472988, -9.580532348953668, -9.733802108434347, -9.921067671352256, -10.20293521529123, -10.591987610579846, -10.983931370385559, -11.257653384986439, -11.520680825834859, -11.78123323063306, -11.91389868292751, -12.059071349658586, -12.43434425138636, -12.83402502756839, -12.846872006046826, -12.808080168266324, -12.394515562343171, -12.159031328308123, -12.086119677429853, -11.937523453823712, -11.80935345807607, -11.898790829911189, -12.289791955395826
EPH.pdb0, 6, 6, 0.42425755191746445, 0.85741457439579, 0.9000017913434251, -, -, -, 2.299276881197701, 19.79062002299794, , Y, 4.606773995932454, 4.616241932342986, 5.007158767648302, 5.43635510841379, 5.872631527560788, 6.309873132307482, 6.606344862433447, 6.7799706400086945, 6.953596417583941, 6.8692580591923935, 6.78600358649291, 6.7777657907504025, 6.58393829662382, 6.375035045255796, 6.101128906993539, 5.728443757584323, 5.276312943165536, 4.823937886643483, 4.3603381933345355, 3.891791911696034, 3.421311384750906, 2.9508308578057783, 2.498197031702083, 2.0856833795676932, 1.7814237859380095, 1.4828304914599453, 1.1515795261980224, 0.8271764072900861, 1.1252196680912925, 1.592124223016275, 2.055608957867602, 2.110162073376383, 2.084920898924434, 2.5847538312170695, 3.056573920450459, 3.3317302726653453, 3.6580955269781796, 4.131423112817883, 4.600264233407824, 5.07656473295119, 5.477860079536749, 5.755222167840537
EPH.pdb0, 6, 6, 0.42425755191746445, 0.85741457439579, 0.9000017913434251, -, -, -, 2.299276881197701, 19.79062002299794, , Z, -0.7092868981011633, -1.1649059486684226, -1.3537971344566633, -1.5159214039272224, -1.6636403932836317, -1.8093955952105039, -1.8846355381401023, -1.8983387766844764, -1.9120420152288504, -1.827105500020791, -1.9574143042836742, -2.351318137772725, -2.80028329629321, -3.23159140993696, -3.5099997842688917, -3.4933114933913187, -3.5781530389521716, -3.6528312373020744, -3.5676469392455337, -3.492078449303279, -3.420269991624746, -3.3484615339462134, -3.279876213844375, -3.260301370893317, -3.3210583976406665, -3.4056556533338638, -3.6532702443593625, -3.9170818786054236, -4.165580782680096, -4.285580842504302, -4.404081680203326, -4.4015460920503395, -4.353306955272692, -4.351894531922619, -4.356705983520953, -4.411269713646563, -4.6213745056791735, -4.744386399146125, -4.834426201311397, -4.915833325065891, -4.901032808493815, -4.759317053378276
EPH.pdb0, 6, 6, 0.42425755191746445, 0.85741457439579, 0.9000017913434251, -, -, -, 2.299276881197701, 19.79062002299794, , distance, 0.0, 0.5000000000000002, 0.8601294220071111, 1.3051956517437264, 1.7749621943115177, 2.2572464149908895, 2.6750684060130188, 3.062981101189871, 3.4796142711001155, 3.722545497198993, 4.066548169517962, 4.177613583895915, 4.358420642977912, 4.580075617210005, 4.841614171219457, 4.942709554761277, 5.067090004929686, 5.233032836729904, 5.326656353312792, 5.461866408940495, 5.6372868054646155, 5.850300879870912, 6.120642431696481, 6.499864211675535, 6.968349801383691, 7.4492438051604495, 7.908049812393634, 8.365571892791406, 8.547165075376645, 8.528745604281607, 8.550625698434748, 8.855595550348575, 9.190807628637955, 9.077253138982115, 8.951087683055702, 8.560267005182464, 8.403716902371773, 8.35796758892558, 8.259289043050407, 8.20347488102462, 8.30516542989585, 8.607323539342048
EPH.pdb0, 6, 6, 0.42425755191746445, 0.85741457439579, 0.9000017913434251, -, -, -, 2.299276881197701, 19.79062002299794, , length, 0.0, 0.5, 1.0, 1.5, 2.0, 2.5, 3.0, 3.5, 4.0, 4.5, 5.0, 5.5, 6.0, 6.5, 7.0, 7.5, 8.0, 8.5, 9.0, 9.5, 10.0, 10.5, 11.0, 11.5, 12.0, 12.5, 13.0, 13.5, 14.0, 14.5, 15.0, 15.5, 16.0, 16.5, 17.0, 17.5, 18.0, 18.5, 19.0, 19.5, 20.0, 20.5
EPH.pdb0, 6, 6, 0.42425755191746445, 0.85741457439579, 0.9000017913434251, -, -, -, 2.299276881197701, 19.79062002299794, , R, 1.1377715827288069, 1.414321592428101, 1.519486264530011, 1.6775590372526192, 1.8924670802604635, 2.161924674008292, 2.3314194658931426, 2.4322155578849456, 2.5917616333774744, 2.5822085965963786, 2.5712782540301435, 2.478192898199095, 2.2820899515374515, 2.133024644550219, 2.0249791028171775, 1.8404894267351821, 1.6035935355412803, 1.4249839133475208, 1.2563711148080987, 1.1623481885286888, 1.1563337424231128, 1.242341904464737, 1.3825333671739148, 1.5427691048698025, 1.6797612405019637, 1.8638341848877769, 1.9587794576826263, 2.100138905303182, 1.909701647928284, 1.674071747788075, 1.4965303428019099, 1.2865406937675652, 1.0945380870566566, 0.9487812163053899, 0.9238374136832372, 1.1614487047985365, 1.2388703826327436, 1.2278282905516429, 1.2630288410884303, 1.379036127930517, 1.461839842091495, 1.4599780234435338
EPH.pdb0, 6, 6, 0.42425755191746445, 0.85741457439579, 0.9000017913434251, -, -, -, 2.299276881197701, 19.79062002299794, , Upper limit of R overestimation, -, -, -, -, -, -, -, -, -, -, -, -, -, -, -, -, -, -, -, -, -, -, -, -, -, -, -, -, -, -, -, -, -, -, -, -, -, -, -, -, -, -
EPH.pdb0, 7, 7, 0.38173161470253625, 0.9630374966128025, 1.0234779433493482, -, -, -, 1.4871748358453423, 29.89375404226257, , X, -4.782173088624635, -4.987895325974698, -5.1872918519685625, -5.386053574445886, -5.580486878489238, -5.774330114610062, -5.827411028848281, -5.757652581600179, -5.432718872227754, -5.090094091073501, -4.747469309919248, -4.404844528764996, -4.062219747610743, -3.7424826426077478, -3.4697120779241244, -3.033152577569816, -2.5965930772155073, -2.141483105130813, -1.6960741488120914, -1.2506651924933694, -0.7997457943677933, -0.33463526182939396, 0.029305354448680154, 0.3030895358463874, 0.5580285545589594, 0.8173622570573125, 0.9808044869563536, 1.318467411414734, 1.729447864824432, 2.138289727527272, 2.4811759684501817, 2.824062209373092, 3.166948450296002, 3.509834691218911, 3.852720932141821, 4.20100435789423, 4.58212152195823, 4.976606310780368, 5.377314564864809, 5.825355239004213, 6.174503086865777, 6.5907577891509685, 7.006641942249324, 7.420564627761953, 7.831880162071953, 8.243195696381953, 8.688907394475187, 9.125184223286144, 9.572094384319588, 10.020966887541569, 10.464709618738118, 10.92997347282443, 11.093191269574241, 11.203207863511313, 11.303300140214976, 11.40598253995101, 11.526080978640467, 11.741803775535303, 11.957526572430137, 12.065092652255792, 12.187941362725986, 12.319001812733346
EPH.pdb0, 7, 7, 0.38173161470253625, 0.9630374966128025, 1.0234779433493482, -, -, -, 1.4871748358453423, 29.89375404226257, , Y, 4.606773995932454, 4.616241932342986, 5.007158767648302, 5.43635510841379, 5.872631527560788, 6.309873132307482, 6.6877807219829295, 7.013909167720627, 7.328199074685738, 7.64166822638847, 7.955137378091202, 8.268606529793933, 8.582075681496665, 8.783324568522142, 9.128763378885456, 9.366462680798898, 9.604161982712341, 9.691429251382122, 9.791609770221449, 9.891790289060776, 9.997175400441817, 10.155755640121562, 10.481986854194213, 10.876182105745375, 11.28458370146621, 11.691618693691677, 12.070653536413351, 12.14435149980767, 12.116083696481402, 12.08782930237595, 12.059988457947576, 12.032147613519204, 12.004306769090832, 11.976465924662458, 11.948625080234086, 11.910525740841619, 11.670597304504366, 11.37063140686254, 11.08209411443712, 10.880476812715566, 10.693552623725987, 10.555565058840902, 10.41538430980797, 10.267552928663855, 10.10955245023018, 9.951551971796503, 9.936217970953622, 10.038548462654413, 10.165572561814244, 10.330471399305512, 10.542122849228114, 10.658154077934407, 10.450885552642271, 10.558258674065504, 10.620219016688152, 10.68215534019325, 10.773146487960043, 11.029000904151342, 11.284855320342642, 11.527803650295734, 11.366453103534019, 11.179729753218915
EPH.pdb0, 7, 7, 0.38173161470253625, 0.9630374966128025, 1.0234779433493482, -, -, -, 1.4871748358453423, 29.89375404226257, , Z, -0.7092868981011633, -1.1649059486684226, -1.3537971344566633, -1.5159214039272224, -1.6636403932836317, -1.8093955952105039, -1.6783917208168422, -1.3058679015539019, -1.10840602847462, -0.9230810429228322, -0.7377560573710445, -0.5524310718192568, -0.367106086267469, -0.10516973968971607, -0.16174063564281627, -0.2157299356962385, -0.2697192357496607, -0.441549160832292, -0.6454479721975136, -0.8493467835627351, -1.0271549081101663, -1.0741855190269607, -1.1796389342766325, -1.3094976715678952, -1.4444577891973136, -1.5747316607834723, -1.8156434140764357, -2.018262985013638, -2.3016284702271106, -2.5874900052477385, -2.9503314488112755, -3.3131728923748125, -3.6760143359383495, -4.038855779501886, -4.401697223065423, -4.7583896549807925, -4.893899945209294, -4.960249109784953, -5.029670854627081, -5.122461037099299, -4.9844191833578995, -4.74457326329305, -4.505011728813429, -4.266834415673746, -4.0304969873006495, -3.7941595589275523, -3.9837657721491486, -4.191636838424643, -4.376105423602446, -4.468301605565405, -4.552226866250147, -4.660874817044708, -5.045185873871458, -5.505647787229312, -5.9785628260326344, -6.463619988151018, -6.935412750203937, -7.30689921377331, -7.678385677342682, -8.089610171267347, -8.534652549645493, -8.97957675542775
EPH.pdb0, 7, 7, 0.38173161470253625, 0.9630374966128025, 1.0234779433493482, -, -, -, 1.4871748358453423, 29.89375404226257, , distance, 0.0, 0.5000000000000002, 0.8601294220071111, 1.3051956517437264, 1.7749621943115177, 2.2572464149908895, 2.5223551500455037, 2.6649144207940663, 2.826421829108525, 3.0579578594487455, 3.348664238807398, 3.684562131158967, 4.054435103990923, 4.346203912614451, 4.740332139595366, 5.094831459437545, 5.472098903205992, 5.735734142344325, 6.034119992270587, 6.357874016570697, 6.709485414513207, 7.120740201122053, 7.608526925494706, 8.0947901133887, 8.582037770383948, 9.071869438884285, 9.494494882398936, 9.785004217360104, 10.066106064535381, 10.362752578321196, 10.645605948933508, 10.944003428381881, 11.256708935603703, 11.582563666190923, 11.92048933986487, 12.265296560730976, 12.453858825381904, 12.61167007841582, 12.798854540556443, 13.090267767921432, 13.242899340203708, 13.45418923272245, 13.679314332272158, 13.914286551597474, 14.157165909358161, 14.413303678554042, 14.852447419924735, 15.331194420701923, 15.82374147538544, 16.31023778766827, 16.806664924999023, 17.29467541026562, 17.463701020142505, 17.718850183850005, 17.962996376385686, 18.22303461129403, 18.513453042561395, 18.91600640029106, 19.323111879626918, 19.651976644522495, 19.87245313769928, 20.101035414084528
EPH.pdb0, 7, 7, 0.38173161470253625, 0.9630374966128025, 1.0234779433493482, -, -, -, 1.4871748358453423, 29.89375404226257, , length, 0.0, 0.5, 1.0, 1.5, 2.0, 2.5, 3.0, 3.5, 4.0, 4.5, 5.0, 5.5, 6.0, 6.5, 7.0, 7.5, 8.0, 8.5, 9.0, 9.5, 10.0, 10.5, 11.0, 11.5, 12.0, 12.5, 13.0, 13.5, 14.0, 14.5, 15.0, 15.5, 16.0, 16.5, 17.0, 17.5, 18.0, 18.5, 19.0, 19.5, 20.0, 20.5, 21.0, 21.5, 22.0, 22.5, 23.0, 23.5, 24.0, 24.5, 25.0, 25.5, 26.0, 26.5, 27.0, 27.5, 28.0, 28.5, 29.0, 29.5, 30.0, 30.5
EPH.pdb0, 7, 7, 0.38173161470253625, 0.9630374966128025, 1.0234779433493482, -, -, -, 1.4871748358453423, 29.89375404226257, , R, 1.1377715827288069, 1.414321592428101, 1.519486264530011, 1.6775590372526192, 1.8924670802604635, 2.161924674008292, 2.229449681558158, 2.1397154846476205, 1.9223523720379165, 1.7526848785395592, 1.653506384926287, 1.6314788966633325, 1.688191966990248, 1.7294399958769202, 1.8476516586458618, 1.907492281917261, 2.037292367970977, 2.1433166512428237, 2.281234341783094, 2.4773586472856506, 2.7068713403259825, 2.877352681224863, 2.981433777452468, 3.064023478293057, 3.1834422952078634, 3.3520007867143025, 3.383945021239866, 3.205029196132824, 2.9050559072765973, 2.642399683589232, 2.3835809486414163, 2.174633583895527, 2.0243885813918876, 1.9405004713991407, 1.9278162087336042, 1.9812279649721596, 1.9492143048842108, 1.9373989424342404, 1.9934491943028383, 2.089201486122661, 2.045920440676579, 1.8514517610013912, 1.7215717621614601, 1.6605348033829141, 1.670585826368744, 1.7577849525739553, 1.6157795379244608, 1.4266256799934562, 1.2956437188731162, 1.2337509394898625, 1.1952787401703566, 1.1872110350370937, 1.3138007620028813, 1.142104133721519, 1.0407726187402826, 1.0303525774227111, 1.1113230371694836, 1.2475947722112108, 1.4624990729927836, 1.6626528213165401, 1.6123366468353102, 1.6254353830298656
EPH.pdb0, 7, 7, 0.38173161470253625, 0.9630374966128025, 1.0234779433493482, -, -, -, 1.4871748358453423, 29.89375404226257, , Upper limit of R overestimation, -, -, -, -, -, -, -, -, -, -, -, -, -, -, -, -, -, -, -, -, -, -, -, -, -, -, -, -, -, -, -, -, -, -, -, -, -, -, -, -, -, -, -, -, -, -, -, -, -, -, -, -, -, -, -, -, -, -, -, -, -, -
EPH.pdb0, 8, 8, 0.32504395829451366, 1.1237948495078958, 0.9076633029346075, -, -, -, 1.4780705199384383, 30.25267641982039, , X, -4.782173088624635, -4.987895325974698, -5.1872918519685625, -5.386053574445886, -5.580486878489238, -5.774330114610062, -5.827411028848281, -5.757652581600179, -5.432718872227754, -5.090094091073501, -4.747469309919248, -4.404844528764996, -4.062219747610743, -3.7424826426077478, -3.4697120779241244, -3.033152577569816, -2.5965930772155073, -2.141483105130813, -1.6960741488120914, -1.2506651924933694, -0.7997457943677933, -0.33463526182939396, 0.029305354448680154, 0.3030895358463874, 0.5580285545589594, 0.8173622570573125, 0.9808044869563536, 0.8988990715313452, 0.6913358529283913, 0.4837726343254374, 0.2762094157224835, 0.17880528809890803, 0.011300648689903006, -0.07536474684623888, -0.1468438666453183, -0.227678598140926, -0.3176578230319077, -0.34721092553991767, -0.37676402804792763, -0.40631713055593766, -0.41661383650378586, -0.42527889372972943, -0.5262167003590258, -0.6433252925131264, -0.6718750299789393, -0.4188642364185346, -0.11923302944626588, 0.13878368495659066, 0.45060562857633163, 0.7283037572513382, 1.0067261469873794, 1.279198643243729, 1.5037934261539447, 1.8257487216309374, 2.1743670851024537, 2.4248285005657944, 2.696907986670376, 2.839902115261919, 2.9318094399780397, 3.0892763365533473, 3.247414342817677, 3.40835650019596, 3.5693110046314747
EPH.pdb0, 8, 8, 0.32504395829451366, 1.1237948495078958, 0.9076633029346075, -, -, -, 1.4780705199384383, 30.25267641982039, , Y, 4.606773995932454, 4.616241932342986, 5.007158767648302, 5.43635510841379, 5.872631527560788, 6.309873132307482, 6.6877807219829295, 7.013909167720627, 7.328199074685738, 7.64166822638847, 7.955137378091202, 8.268606529793933, 8.582075681496665, 8.783324568522142, 9.128763378885456, 9.366462680798898, 9.604161982712341, 9.691429251382122, 9.791609770221449, 9.891790289060776, 9.997175400441817, 10.155755640121562, 10.481986854194213, 10.876182105745375, 11.28458370146621, 11.691618693691677, 12.070653536413351, 12.4008647315452, 12.719517421452638, 13.038170111360078, 13.356822801267516, 13.532679884193735, 13.892239938939365, 14.30619719639873, 14.728884051424844, 15.150231795695177, 15.555441082531926, 15.624703986526661, 15.693966890521397, 15.763229794516132, 15.840497838070007, 15.918444179647583, 16.063802013992973, 16.276387735012555, 16.42956502100912, 16.61088875074286, 16.822172718583165, 16.68166462967638, 16.53542542317605, 16.267727534038308, 15.996888947322462, 15.714889321865412, 15.343179667501154, 15.167507764968644, 15.307704940235533, 15.461712461295303, 15.603032064280274, 15.728441327166443, 15.817361386368583, 16.179173309186023, 16.54329282413178, 16.905988521734965, 17.268677950077503
EPH.pdb0, 8, 8, 0.32504395829451366, 1.1237948495078958, 0.9076633029346075, -, -, -, 1.4780705199384383, 30.25267641982039, , Z, -0.7092868981011633, -1.1649059486684226, -1.3537971344566633, -1.5159214039272224, -1.6636403932836317, -1.8093955952105039, -1.6783917208168422, -1.3058679015539019, -1.10840602847462, -0.9230810429228322, -0.7377560573710445, -0.5524310718192568, -0.367106086267469, -0.10516973968971607, -0.16174063564281627, -0.2157299356962385, -0.2697192357496607, -0.441549160832292, -0.6454479721975136, -0.8493467835627351, -1.0271549081101663, -1.0741855190269607, -1.1796389342766325, -1.3094976715678952, -1.4444577891973136, -1.5747316607834723, -1.8156434140764357, -2.1184547179585547, -2.4430744547244148, -2.767694191490275, -3.092313928256135, -3.5253525782752733, -3.727336024312616, -3.987018649910064, -4.244363861679937, -4.500915810752515, -4.766322140345999, -5.260618877400137, -5.754915614454275, -6.249212351508412, -6.74306127654, -7.236872257197521, -7.693992828419247, -8.124955605998005, -8.584706023507787, -8.949062735228901, -9.288986631003878, -9.659464037557338, -10.021929442747076, -10.338826218438744, -10.653671311840938, -10.96110124432483, -11.208866808518545, -11.378083442206185, -11.630475239182017, -12.034889337379797, -12.419102070316193, -12.750609588611013, -13.233821263244975, -13.539306303534296, -13.843295365525693, -14.147514709315285, -14.451735067066831
EPH.pdb0, 8, 8, 0.32504395829451366, 1.1237948495078958, 0.9076633029346075, -, -, -, 1.4780705199384383, 30.25267641982039, , distance, 0.0, 0.5000000000000002, 0.8601294220071111, 1.3051956517437264, 1.7749621943115177, 2.2572464149908895, 2.5223551500455037, 2.6649144207940663, 2.826421829108525, 3.0579578594487455, 3.348664238807398, 3.684562131158967, 4.054435103990923, 4.346203912614451, 4.740332139595366, 5.094831459437545, 5.472098903205992, 5.735734142344325, 6.034119992270587, 6.357874016570697, 6.709485414513207, 7.120740201122053, 7.608526925494706, 8.0947901133887, 8.582037770383948, 9.071869438884285, 9.494494882398936, 9.747214229121335, 9.938909664197753, 10.151633631971835, 10.384093869109611, 10.59307926409835, 10.876851050616219, 11.26837968053945, 11.680760168330691, 12.094807656613542, 12.500589685559383, 12.719209623691949, 12.953449132031283, 13.202476865377427, 13.478170951397399, 13.767562601671653, 14.077029967946478, 14.43267432889638, 14.788345551628161, 15.199708583802227, 15.63874110840121, 15.815323904744274, 16.012495406407496, 16.095689485347503, 16.190640948837636, 16.285888086179302, 16.27958722033978, 16.401736130374122, 16.79808706504352, 17.263830154574663, 17.719314789347184, 18.077084023075376, 18.494506134359497, 18.98656208644201, 19.47965437264, 19.973517957614423, 20.46768135330946
EPH.pdb0, 8, 8, 0.32504395829451366, 1.1237948495078958, 0.9076633029346075, -, -, -, 1.4780705199384383, 30.25267641982039, , length, 0.0, 0.5, 1.0, 1.5, 2.0, 2.5, 3.0, 3.5, 4.0, 4.5, 5.0, 5.5, 6.0, 6.5, 7.0, 7.5, 8.0, 8.5, 9.0, 9.5, 10.0, 10.5, 11.0, 11.5, 12.0, 12.5, 13.0, 13.5, 14.0, 14.5, 15.0, 15.5, 16.0, 16.5, 17.0, 17.5, 18.0, 18.5, 19.0, 19.5, 20.0, 20.5, 21.0, 21.5, 22.0, 22.5, 23.0, 23.5, 24.0, 24.5, 25.0, 25.5, 26.0, 26.5, 27.0, 27.5, 28.0, 28.5, 29.0, 29.5, 30.0, 30.5, 31.0
EPH.pdb0, 8, 8, 0.32504395829451366, 1.1237948495078958, 0.9076633029346075, -, -, -, 1.4780705199384383, 30.25267641982039, , R, 1.1377715827288069, 1.414321592428101, 1.519486264530011, 1.6775590372526192, 1.8924670802604635, 2.161924674008292, 2.229449681558158, 2.1397154846476205, 1.9223523720379165, 1.7526848785395592, 1.653506384926287, 1.6314788966633325, 1.688191966990248, 1.7294399958769202, 1.8476516586458618, 1.907492281917261, 2.037292367970977, 2.1433166512428237, 2.281234341783094, 2.4773586472856506, 2.7068713403259825, 2.877352681224863, 2.981433777452468, 3.064023478293057, 3.1834422952078634, 3.3520007867143025, 3.383945021239866, 3.135944459457219, 2.8203871176425444, 2.5420317394678666, 2.309000309988408, 2.0605212968352316, 1.8904084503420546, 1.6494743702610783, 1.4624329980956468, 1.3446679553791694, 1.2926414269553925, 1.0762362278725344, 0.9437234636236971, 0.9088730019295137, 0.9602320700073239, 1.1062374110279358, 1.3019326540136205, 1.491038000626408, 1.6515795643237081, 1.6097740189084075, 1.605072129964631, 1.5405302263906657, 1.5070913149507867, 1.5021019170937224, 1.5759238825454673, 1.7200134345247502, 1.8857718495599478, 1.9997649229811798, 1.8608104721707202, 1.669613292492662, 1.5362048475786816, 1.4969104153185224, 1.463106417741388, 1.3334677885831279, 1.2866288344156422, 1.3257089690049817, 1.449661941344221
EPH.pdb0, 8, 8, 0.32504395829451366, 1.1237948495078958, 0.9076633029346075, -, -, -, 1.4780705199384383, 30.25267641982039, , Upper limit of R overestimation, -, -, -, -, -, -, -, -, -, -, -, -, -, -, -, -, -, -, -, -, -, -, -, -, -, -, -, -, -, -, -, -, -, -, -, -, -, -, -, -, -, -, -, -, -, -, -, -, -, -, -, -, -, -, -, -, -, -, -, -, -, -, -
EPH.pdb0, 9, 9, 0.30951519049947124, 1.1727481072881722, 0.9056131089503769, -, -, -, 1.7380005024330767, 20.807836592529462, , X, -4.782173088624635, -4.987895325974698, -5.1872918519685625, -5.386053574445886, -5.580486878489238, -5.774330114610062, -6.114938222115198, -6.583623949031206, -7.052309675947214, -7.518775437416608, -7.980602450760325, -8.305216838722579, -8.61377873080368, -8.928910958515743, -9.250832938042167, -9.569079235436606, -9.907020257869604, -10.013991384446667, -10.120629850591726, -10.188798497830357, -10.22226618772653, -10.102447667685047, -9.990274233694807, -9.894830691597, -9.761786626201177, -9.585918383143126, -9.544255200438345, -9.669275430587433, -9.849118330998852, -10.26260236993983, -10.695653032394546, -11.176673551701901, -11.630960983500582, -12.037031124388697, -12.45625377093019, -12.914068204798589, -13.394635127309773, -13.875202049820958, -14.167671743526556, -14.548687246088152, -14.918607634295691, -15.251080427195449, -15.499333676763769, -15.718342457318277
EPH.pdb0, 9, 9, 0.30951519049947124, 1.1727481072881722, 0.9056131089503769, -, -, -, 1.7380005024330767, 20.807836592529462, , Y, 4.606773995932454, 4.616241932342986, 5.007158767648302, 5.43635510841379, 5.872631527560788, 6.309873132307482, 6.606344862433447, 6.7799706400086945, 6.953596417583941, 6.8692580591923935, 6.78600358649291, 6.859931183055408, 6.9457490008358755, 7.031600734660595, 7.113366148181022, 7.194016888337236, 7.180054706690865, 7.218248893073768, 7.532188599538193, 7.630296003308268, 7.777151304580235, 7.773626519511609, 7.772226182742069, 7.775474817892079, 7.721513569817791, 7.602394552958885, 7.556384344888695, 7.602830576983714, 7.6829024010938864, 7.906841238482645, 8.104845212725458, 8.234767501937263, 8.335735368515492, 8.11637612046412, 7.889936999334024, 7.724121381625452, 7.594047450649338, 7.463973519673224, 7.373210659046948, 7.098109348972135, 6.7852234900898925, 6.772486781553841, 6.958712599073801, 7.059282402625385
EPH.pdb0, 9, 9, 0.30951519049947124, 1.1727481072881722, 0.9056131089503769, -, -, -, 1.7380005024330767, 20.807836592529462, , Z, -0.7092868981011633, -1.1649059486684226, -1.3537971344566633, -1.5159214039272224, -1.6636403932836317, -1.8093955952105039, -1.8846355381401023, -1.8983387766844764, -1.9120420152288504, -1.827105500020791, -1.9574143042836742, -1.6156584925643525, -1.2316990403995058, -0.8532232826902832, -0.4794845286793805, -0.10267547689549933, 0.26556482893835864, 0.6536072537661466, 0.9991971489093044, 1.4438130770119884, 1.8670100820733517, 2.352428559415622, 2.8395334335069653, 3.33032868271124, 3.803284409255208, 4.255922256663311, 4.735429104156547, 5.2136783578119665, 5.624210575027152, 5.454571760482431, 5.343777696516881, 5.385484515758421, 5.4646576614562345, 5.35057953444731, 5.198995574053809, 5.113696822991592, 5.067477720138439, 5.0212586172852856, 4.778458192656026, 4.688201585082624, 4.564664765875131, 4.319462228130272, 3.938342801341871, 3.5003448916138726
EPH.pdb0, 9, 9, 0.30951519049947124, 1.1727481072881722, 0.9056131089503769, -, -, -, 1.7380005024330767, 20.807836592529462, , distance, 0.0, 0.5000000000000002, 0.8601294220071111, 1.3051956517437264, 1.7749621943115177, 2.2572464149908895, 2.6750684060130188, 3.062981101189871, 3.4796142711001155, 3.722545497198993, 4.066548169517962, 4.279026062346167, 4.519393799743722, 4.805823275698825, 5.128814112102552, 5.475059237946422, 5.816886453609992, 6.0040989572201005, 6.32266470258159, 6.558134120875164, 6.80317656217602, 6.907125165037428, 7.052554915085329, 7.245579804616128, 7.406851787414067, 7.530140325840206, 7.811693772516115, 8.24267200369109, 8.674657935410622, 8.883619897082818, 9.156710013413289, 9.549775475848026, 9.946287748285995, 10.083266007199024, 10.226361786882652, 10.47629287103277, 10.79209500123093, 11.121417028038078, 11.218560647129356, 11.433478585073848, 11.632175791795218, 11.814256240151524, 11.915939244896062, 11.972284566891652
EPH.pdb0, 9, 9, 0.30951519049947124, 1.1727481072881722, 0.9056131089503769, -, -, -, 1.7380005024330767, 20.807836592529462, , length, 0.0, 0.5, 1.0, 1.5, 2.0, 2.5, 3.0, 3.5, 4.0, 4.5, 5.0, 5.5, 6.0, 6.5, 7.0, 7.5, 8.0, 8.5, 9.0, 9.5, 10.0, 10.5, 11.0, 11.5, 12.0, 12.5, 13.0, 13.5, 14.0, 14.5, 15.0, 15.5, 16.0, 16.5, 17.0, 17.5, 18.0, 18.5, 19.0, 19.5, 20.0, 20.5, 21.0, 21.5
EPH.pdb0, 9, 9, 0.30951519049947124, 1.1727481072881722, 0.9056131089503769, -, -, -, 1.7380005024330767, 20.807836592529462, , R, 1.1377715827288069, 1.414321592428101, 1.519486264530011, 1.6775590372526192, 1.8924670802604635, 2.161924674008292, 2.3314194658931426, 2.4322155578849456, 2.5917616333774744, 2.5822085965963786, 2.5712782540301435, 2.3773068909225272, 2.2200774011861424, 2.119104318471588, 2.0764371328000295, 2.100163769624626, 2.111857649610536, 2.1455942708473916, 1.9500234846366946, 1.732233014445021, 1.521983242972099, 1.2633608378352945, 1.0727198341633022, 0.961364077527028, 0.9327855795086082, 0.9877098234618691, 1.0884315908725206, 1.2116669867248042, 1.3647160015020074, 1.2126509907201157, 1.1500877960293794, 1.1883084764607719, 1.3086950586765531, 1.1233794856100232, 0.9960081053827663, 0.9194971800196456, 0.9174406244111668, 1.0159588134936253, 0.9806554978682107, 1.032617972845249, 1.1333093038518767, 1.218336006056182, 1.2410657876239997, 1.2891121187723593
EPH.pdb0, 9, 9, 0.30951519049947124, 1.1727481072881722, 0.9056131089503769, -, -, -, 1.7380005024330767, 20.807836592529462, , Upper limit of R overestimation, -, -, -, -, -, -, -, -, -, -, -, -, -, -, -, -, -, -, -, -, -, -, -, -, -, -, -, -, -, -, -, -, -, -, -, -, -, -, -, -, -, -, -, -
EPH.pdb0, 10, 10, 0.1749029221462229, 1.7435241895715758, 0.900793519653587, -, -, -, 1.8658243805287864, 36.13467380446383, , X, -4.782173088624635, -4.987895325974698, -5.1872918519685625, -5.386053574445886, -5.580486878489238, -5.774330114610062, -5.827411028848281, -5.757652581600179, -5.432718872227754, -5.090094091073501, -4.747469309919248, -4.404844528764996, -4.062219747610743, -3.7424826426077478, -3.4697120779241244, -3.033152577569816, -2.5965930772155073, -2.141483105130813, -1.6960741488120914, -1.2506651924933694, -0.7997457943677933, -0.3348113023807055, 0.07190668365833175, 0.4791913512417176, 0.7773564996099951, 1.0416834983513936, 1.4559285027866062, 1.8911047855895298, 2.32122045760569, 2.750878371836504, 3.180536286067318, 3.6103459174138344, 4.040342552999513, 4.470339188585191, 4.905660037448026, 5.336642833036574, 5.766499712446386, 6.223616755875448, 6.712269816433779, 7.173130706488548, 7.25073392941684, 7.282927576908097, 7.305966223311557, 7.19623423227678, 7.445609619707258, 7.742868028548502, 8.039175600343137, 8.337446792953175, 8.478340209099425, 8.423767833557692, 8.389326051112265, 8.325057364598692, 8.260788678085117, 8.196519991571542, 8.118460295881269, 8.034846805163214, 8.143832071086266, 8.54082411617545, 8.702941603643284, 8.394408081502254, 8.568532691503068, 8.742657301503879, 8.916781911504692, 9.090906521505506, 9.268478375672677, 9.455247584762109, 9.194859007482057, 9.18632084321459, 9.207080802644507, 9.182630094935432, 9.152489334108951, 9.33194025338562, 9.420854603996597, 9.509768954607573, 9.59868330521855
EPH.pdb0, 10, 10, 0.1749029221462229, 1.7435241895715758, 0.900793519653587, -, -, -, 1.8658243805287864, 36.13467380446383, , Y, 4.606773995932454, 4.616241932342986, 5.007158767648302, 5.43635510841379, 5.872631527560788, 6.309873132307482, 6.6877807219829295, 7.013909167720627, 7.328199074685738, 7.64166822638847, 7.955137378091202, 8.268606529793933, 8.582075681496665, 8.783324568522142, 9.128763378885456, 9.366462680798898, 9.604161982712341, 9.691429251382122, 9.791609770221449, 9.891790289060776, 9.997175400441817, 10.132303897509733, 10.390739371202384, 10.650597780033076, 10.95100563771934, 11.329511880315877, 11.203995068270526, 11.020202012989612, 10.826116374745759, 10.63109972042872, 10.43608306611168, 10.24742642624464, 10.066609044708963, 9.885791663173285, 9.705595021450458, 9.509651614676491, 9.391278609823715, 9.331644045986565, 9.336142609364773, 9.373426110426331, 8.90045578757438, 8.401712701013327, 7.923594627737692, 7.437184456767357, 7.089632856123524, 6.760596519422273, 6.430967654965462, 6.2170921207975365, 6.188486793288107, 6.080059031274986, 6.047710678965158, 6.005421509964043, 5.963132340962926, 5.920843171961811, 6.131549178425848, 6.443170936983537, 6.614998343866935, 6.722168953070753, 6.95993711219798, 7.212542314968251, 7.046877226047346, 6.881212137126441, 6.715547048205537, 6.549881959284632, 6.382155955701478, 6.201940656949956, 5.935119103923404, 5.799752795124105, 5.683554996288425, 5.372142113278314, 5.04255259239373, 4.794611449687656, 4.823277468013856, 4.851943486340056, 4.880609504666256
EPH.pdb0, 10, 10, 0.1749029221462229, 1.7435241895715758, 0.900793519653587, -, -, -, 1.8658243805287864, 36.13467380446383, , Z, -0.7092868981011633, -1.1649059486684226, -1.3537971344566633, -1.5159214039272224, -1.6636403932836317, -1.8093955952105039, -1.6783917208168422, -1.3058679015539019, -1.10840602847462, -0.9230810429228322, -0.7377560573710445, -0.5524310718192568, -0.367106086267469, -0.10516973968971607, -0.16174063564281627, -0.2157299356962385, -0.2697192357496607, -0.441549160832292, -0.6454479721975136, -0.8493467835627351, -1.0271549081101663, -1.0194944721352075, -0.888370981346912, -0.7595579117015058, -0.9236808813345201, -1.091654950205947, -0.9690305401639383, -0.8051961246208744, -0.6399109642396972, -0.4744945766663526, -0.3090781890930081, -0.13711972394690958, 0.04290240780243543, 0.22292453955178043, 0.3899669582528451, 0.5506200098431064, 0.33804661058310553, 0.16669468623618117, 0.06087432272088822, -0.11932321555928631, -0.03651291250676555, -0.021717552802990262, -0.008117906659639835, 0.02881494755110492, 0.23700467589471988, 0.4680296258533605, 0.6993909291841414, 0.9255114221809716, 1.2576506736485613, 1.7388554382966657, 2.2363609653540912, 2.730406673886222, 3.2244523824183524, 3.718498090950483, 4.131895006819657, 4.5138609055503425, 4.905695105951984, 5.180040760062223, 5.505097927295466, 5.746503805290953, 6.18495072169577, 6.623397638100589, 7.061844554505408, 7.500291470910225, 7.936445616478423, 8.363642580176823, 8.688610176207906, 9.164401180150895, 9.650268544387485, 10.034204909518882, 10.408987081592189, 10.78559632684704, 11.276791295926275, 11.76798626500551, 12.259181234084744
EPH.pdb0, 10, 10, 0.1749029221462229, 1.7435241895715758, 0.900793519653587, -, -, -, 1.8658243805287864, 36.13467380446383, , distance, 0.0, 0.5000000000000002, 0.8601294220071111, 1.3051956517437264, 1.7749621943115177, 2.2572464149908895, 2.5223551500455037, 2.6649144207940663, 2.826421829108525, 3.0579578594487455, 3.348664238807398, 3.684562131158967, 4.054435103990923, 4.346203912614451, 4.740332139595366, 5.094831459437545, 5.472098903205992, 5.735734142344325, 6.034119992270587, 6.357874016570697, 6.709485414513207, 7.099770157544221, 7.553040249255928, 8.013257070452623, 8.438223103660683, 8.90273640714239, 9.083210010875064, 9.256019398001586, 9.441569388493045, 9.648548708224874, 9.876525291429514, 10.12811484835571, 10.402517472153885, 10.693270273188196, 11.002747182845038, 11.314416026359083, 11.630257509737916, 12.009127812930364, 12.453204145336434, 12.88403346630142, 12.793716405657964, 12.666529337168608, 12.554523052784809, 12.330379542284314, 12.51314212437569, 12.763294270961008, 13.026858329268691, 13.318788077312366, 13.498587767007182, 13.511507885310117, 13.57355994012174, 13.623039194378876, 13.690612270278068, 13.776012912980072, 13.863200327309304, 13.961720010859866, 14.23525894834198, 14.719420185897448, 15.033438517966955, 14.902669340471768, 15.222547781477832, 15.551924911319308, 15.890210065800028, 16.236846474090683, 16.59281405873917, 16.957793294683352, 16.895040584764132, 17.14735365605337, 17.440730223333905, 17.635876290420555, 17.832014359241736, 18.203730900431943, 18.585987729042785, 18.973720273918797, 19.366599655120293
EPH.pdb0, 10, 10, 0.1749029221462229, 1.7435241895715758, 0.900793519653587, -, -, -, 1.8658243805287864, 36.13467380446383, , length, 0.0, 0.5, 1.0, 1.5, 2.0, 2.5, 3.0, 3.5, 4.0, 4.5, 5.0, 5.5, 6.0, 6.5, 7.0, 7.5, 8.0, 8.5, 9.0, 9.5, 10.0, 10.5, 11.0, 11.5, 12.0, 12.5, 13.0, 13.5, 14.0, 14.5, 15.0, 15.5, 16.0, 16.5, 17.0, 17.5, 18.0, 18.5, 19.0, 19.5, 20.0, 20.5, 21.0, 21.5, 22.0, 22.5, 23.0, 23.5, 24.0, 24.5, 25.0, 25.5, 26.0, 26.5, 27.0, 27.5, 28.0, 28.5, 29.0, 29.5, 30.0, 30.5, 31.0, 31.5, 32.0, 32.5, 33.0, 33.5, 34.0, 34.5, 35.0, 35.5, 36.0, 36.5, 37.0
EPH.pdb0, 10, 10, 0.1749029221462229, 1.7435241895715758, 0.900793519653587, -, -, -, 1.8658243805287864, 36.13467380446383, , R, 1.1377715827288069, 1.414321592428101, 1.519486264530011, 1.6775590372526192, 1.8924670802604635, 2.161924674008292, 2.229449681558158, 2.1397154846476205, 1.9223523720379165, 1.7526848785395592, 1.653506384926287, 1.6314788966633325, 1.688191966990248, 1.7294399958769202, 1.8476516586458618, 1.907492281917261, 2.037292367970977, 2.1433166512428237, 2.281234341783094, 2.4773586472856506, 2.7068713403259825, 2.858418042594304, 2.885213376702152, 2.968724084498454, 3.152152446276164, 3.3238710259809054, 2.987246232053504, 2.601721059018693, 2.237868019178049, 1.9079602841509669, 1.6232867145508045, 1.3945765954112574, 1.2351728723064155, 1.1608950710662445, 1.1709313487715374, 1.2563317800966036, 1.2013930007026477, 1.19182436232505, 1.231901949038963, 1.3053713225561343, 1.2286110209186472, 1.1525059599521903, 1.1612925161209726, 1.2018725268434047, 1.1612063374318198, 1.1899707964549227, 1.3080190058466283, 1.4309544958294644, 1.3449397110410968, 1.1985120419854356, 1.0550762500414859, 0.9914366955136789, 1.0262935529152215, 1.1558003362849347, 1.1317069208810948, 1.1037344997989291, 1.175332401483657, 1.172781417062772, 1.2557156822849445, 1.3940507965771478, 1.148223573897908, 0.9794283417567962, 0.9038124991116243, 0.9300187807693128, 1.053342842196626, 1.2520134883055065, 1.2332673725194394, 1.1977239450824482, 1.2447179034448532, 1.2631654457206727, 1.3575130501455583, 1.3548859245677387, 1.2222324763136023, 1.1771668152007884, 1.2240077813103407
EPH.pdb0, 10, 10, 0.1749029221462229, 1.7435241895715758, 0.900793519653587, -, -, -, 1.8658243805287864, 36.13467380446383, , Upper limit of R overestimation, -, -, -, -, -, -, -, -, -, -, -, -, -, -, -, -, -, -, -, -, -, -, -, -, -, -, -, -, -, -, -, -, -, -, -, -, -, -, -, -, -, -, -, -, -, -, -, -, -, -, -, -, -, -, -, -, -, -, -, -, -, -, -, -, -, -, -, -, -, -, -, -, -, -, -
